,State,CongressionalMembership,Candidate1,PartyAffiliation1,Votes1,VotePercent1,Candidate2,PartyAffiliation2,Votes2,VotePercent2,Candidate3,PartyAffiliation3,Votes3,VotePercent3,Candidate4,PartyAffiliation4,Votes4,VotePercent4,Candidate5,PartyAffiliation5,Votes5,VotePercent5,Candidate6,PartyAffiliation6,Votes6,VotePercent6,Candidate7,PartyAffiliation7,Votes7,VotePercent7,Candidate8,PartyAffiliation8,Votes8,VotePercent8,Candidate9,PartyAffiliation9,Votes9,VotePercent9,Candidate10,PartyAffiliation10,Votes10,VotePercent10,Candidate11,PartyAffiliation11,Votes11,VotePercent11,Candidate12,PartyAffiliation12,Votes12,VotePercent12
0,alabama,Senate,Jeff Sessions* ,RepublicanRep.,,,Uncontested,,,,,,,,,,,,,,,,,,,,,,,,,,,,,,,,,,,,,,,,,,,
1,alabama,House District 1,Bradley Byrne*,RepublicanRep.,103320.0,68.3,Burton R. LeFlore,DemocratDem.,47913.0,31.7,,,,,,,,,,,,,,,,,,,,,,,,,,,,,,,,,,,,,,,,
2,alabama,House District 2,Martha Roby*,RepublicanRep.,95073.0,66.1,Erick Wright,DemocratDem.,48789.0,33.9,,,,,,,,,,,,,,,,,,,,,,,,,,,,,,,,,,,,,,,,
3,alabama,House District 3,Mike D. Rogers*,RepublicanRep.,102303.0,65.6,Jessie Smith,DemocratDem.,53641.0,34.4,,,,,,,,,,,,,,,,,,,,,,,,,,,,,,,,,,,,,,,,
4,alabama,House District 4,Robert B. Aderholt* ,RepublicanRep.,,,Uncontested,,,,,,,,,,,,,,,,,,,,,,,,,,,,,,,,,,,,,,,,,,,
5,alabama,House District 5,Mo Brooks*,RepublicanRep.,115212.0,74.8,Mark Bray,Other,38830.0,25.2,,,,,,,,,,,,,,,,,,,,,,,,,,,,,,,,,,,,,,,,
6,alabama,House District 6,Gary Palmer,RepublicanRep.,135711.0,76.3,Mark Lester,DemocratDem.,42172.0,23.7,,,,,,,,,,,,,,,,,,,,,,,,,,,,,,,,,,,,,,,,
7,alabama,House District 7,Terri A. Sewell* ,DemocratDem.,,,Uncontested,,,,,,,,,,,,,,,,,,,,,,,,,,,,,,,,,,,,,,,,,,,
8,alaska,Senate,Dan Sullivan,RepublicanRep.,119579.0,48.8,Mark Begich*,DemocratDem.,111668.0,45.6,Mark Fish,Other,9026.0,3.7,Ted Gianoutsos,Other,4725.0,1.9,,,,,,,,,,,,,,,,,,,,,,,,,,,,,,,,
9,alaska,House District 1,Don Young*,RepublicanRep.,125410.0,51.6,Forrest Dunbar,DemocratDem.,99069.0,40.8,Jim McDermott,Other,18365.0,7.6,,,,,,,,,,,,,,,,,,,,,,,,,,,,,,,,,,,,
10,arizona,House District 1,Ann Kirkpatrick*,DemocratDem.,94551.0,52.5,Andy Tobin,RepublicanRep.,85693.0,47.5,,,,,,,,,,,,,,,,,,,,,,,,,,,,,,,,,,,,,,,,
11,arizona,House District 2,Martha McSally,RepublicanRep.,108230.0,50.0,Ron Barber*,DemocratDem.,108051.0,50.0,,,,,,,,,,,,,,,,,,,,,,,,,,,,,,,,,,,,,,,,
12,arizona,House District 3,Raúl A. Grijalva*,DemocratDem.,57398.0,55.6,Gabby Saucedo Mercer,RepublicanRep.,45877.0,44.4,,,,,,,,,,,,,,,,,,,,,,,,,,,,,,,,,,,,,,,,
13,arizona,House District 4,Paul Gosar*,RepublicanRep.,121020.0,70.0,Mike Weisser,DemocratDem.,44680.0,25.8,Chris Rike,Other,7302.0,4.2,,,,,,,,,,,,,,,,,,,,,,,,,,,,,,,,,,,,
14,arizona,House District 5,Matt Salmon*,RepublicanRep.,124801.0,69.6,James Woods,DemocratDem.,54575.0,30.4,,,,,,,,,,,,,,,,,,,,,,,,,,,,,,,,,,,,,,,,
15,arizona,House District 6,David Schweikert*,RepublicanRep.,129527.0,64.9,John Williamson,DemocratDem.,70171.0,35.1,,,,,,,,,,,,,,,,,,,,,,,,,,,,,,,,,,,,,,,,
16,arizona,House District 7,Ruben Gallego,DemocratDem.,54222.0,75.0,Joe Cobb,Other,10715.0,14.8,Rebecca DeWitt,Other,3858.0,5.3,Jose Penalosa,Other,3495.0,4.8,,,,,,,,,,,,,,,,,,,,,,,,,,,,,,,,
17,arizona,House District 8,Trent Franks*,RepublicanRep.,128653.0,75.8,Stephen Dolgos,Other,41048.0,24.2,,,,,,,,,,,,,,,,,,,,,,,,,,,,,,,,,,,,,,,,
18,arizona,House District 9,Kyrsten Sinema*,DemocratDem.,88436.0,54.7,Wendy Rogers,RepublicanRep.,67681.0,41.9,Powell Gammill,Other,5595.0,3.5,,,,,,,,,,,,,,,,,,,,,,,,,,,,,,,,,,,,
19,arkansas,Senate,Tom Cotton,RepublicanRep.,476309.0,56.5,Mark Pryor*,DemocratDem.,332669.0,39.5,Nathan LaFrance,Other,17103.0,2.0,Mark Swaney,Other,16717.0,2.0,,,,,,,,,,,,,,,,,,,,,,,,,,,,,,,,
20,arkansas,House District 1,Rick Crawford*,RepublicanRep.,122722.0,63.2,Jackie McPherson,DemocratDem.,62902.0,32.4,Brian Willhite,Other,8442.0,4.4,,,,,,,,,,,,,,,,,,,,,,,,,,,,,,,,,,,,
21,arkansas,House District 2,French Hill,RepublicanRep.,123014.0,51.9,Patrick Henry Hays,DemocratDem.,103379.0,43.6,Debbie Standiford,Other,10581.0,4.5,,,,,,,,,,,,,,,,,,,,,,,,,,,,,,,,,,,,
22,arkansas,House District 3,Steve Womack*,RepublicanRep.,151093.0,79.4,Grant Brand,Other,39143.0,20.6,,,,,,,,,,,,,,,,,,,,,,,,,,,,,,,,,,,,,,,,
23,arkansas,House District 4,Bruce Westerman,RepublicanRep.,110163.0,53.7,James Lee Witt,DemocratDem.,87335.0,42.6,Ken Hamilton,Other,7568.0,3.7,,,,,,,,,,,,,,,,,,,,,,,,,,,,,,,,,,,,
24,california,House District 1,Doug LaMalfa*,RepublicanRep.,110258.0,61.9,Heidi Hall,DemocratDem.,67938.0,38.1,,,,,,,,,,,,,,,,,,,,,,,,,,,,,,,,,,,,,,,,
25,california,House District 2,Jared Huffman*,DemocratDem.,117397.0,73.9,Dale Mensing,RepublicanRep.,41516.0,26.1,,,,,,,,,,,,,,,,,,,,,,,,,,,,,,,,,,,,,,,,
26,california,House District 3,John Garamendi*,DemocratDem.,68303.0,52.2,Dan Logue,RepublicanRep.,62494.0,47.8,,,,,,,,,,,,,,,,,,,,,,,,,,,,,,,,,,,,,,,,
27,california,House District 4,Tom McClintock*,RepublicanRep.,104900.0,60.5,Art Moore,RepublicanRep.,68601.0,39.5,,,,,,,,,,,,,,,,,,,,,,,,,,,,,,,,,,,,,,,,
28,california,House District 5,Mike Thompson*,DemocratDem.,97446.0,75.8,James Hinton,Other,31050.0,24.2,,,,,,,,,,,,,,,,,,,,,,,,,,,,,,,,,,,,,,,,
29,california,House District 6,Doris Matsui*,DemocratDem.,80258.0,72.4,Joseph McCray,RepublicanRep.,30607.0,27.6,,,,,,,,,,,,,,,,,,,,,,,,,,,,,,,,,,,,,,,,
30,california,House District 7,Ami Bera*,DemocratDem.,92394.0,50.4,Doug Ose,RepublicanRep.,90962.0,49.6,,,,,,,,,,,,,,,,,,,,,,,,,,,,,,,,,,,,,,,,
31,california,House District 8,Paul Cook*,RepublicanRep.,74678.0,67.8,Bob Conaway,DemocratDem.,35414.0,32.2,,,,,,,,,,,,,,,,,,,,,,,,,,,,,,,,,,,,,,,,
32,california,House District 9,Jerry McNerney*,DemocratDem.,46762.0,52.2,Tony Amador,RepublicanRep.,42783.0,47.8,,,,,,,,,,,,,,,,,,,,,,,,,,,,,,,,,,,,,,,,
33,california,House District 10,Jeff Denham*,RepublicanRep.,62750.0,56.4,Michael Eggman,DemocratDem.,48510.0,43.6,,,,,,,,,,,,,,,,,,,,,,,,,,,,,,,,,,,,,,,,
34,california,House District 11,Mark DeSaulnier,DemocratDem.,106989.0,66.9,Tue Phan,RepublicanRep.,53023.0,33.1,,,,,,,,,,,,,,,,,,,,,,,,,,,,,,,,,,,,,,,,
35,california,House District 12,Nancy Pelosi*,DemocratDem.,150390.0,83.1,John Dennis,RepublicanRep.,30485.0,16.9,,,,,,,,,,,,,,,,,,,,,,,,,,,,,,,,,,,,,,,,
36,california,House District 13,Barbara Lee*,DemocratDem.,166182.0,88.4,Dakin Sundeen,RepublicanRep.,21756.0,11.6,,,,,,,,,,,,,,,,,,,,,,,,,,,,,,,,,,,,,,,,
37,california,House District 14,Jackie Speier*,DemocratDem.,89009.0,76.2,Robin Chew,RepublicanRep.,27806.0,23.8,,,,,,,,,,,,,,,,,,,,,,,,,,,,,,,,,,,,,,,,
38,california,House District 15,Eric Swalwell*,DemocratDem.,98511.0,69.8,Hugh Bussell,RepublicanRep.,42556.0,30.2,,,,,,,,,,,,,,,,,,,,,,,,,,,,,,,,,,,,,,,,
39,california,House District 16,Jim Costa*,DemocratDem.,46245.0,50.7,Johnny Tacherra,RepublicanRep.,44926.0,49.3,,,,,,,,,,,,,,,,,,,,,,,,,,,,,,,,,,,,,,,,
40,california,House District 17,Michael M. Honda*,DemocratDem.,68001.0,51.8,Ro Khanna,DemocratDem.,63293.0,48.2,,,,,,,,,,,,,,,,,,,,,,,,,,,,,,,,,,,,,,,,
41,california,House District 18,Anna G. Eshoo*,DemocratDem.,119532.0,67.4,Richard Fox,RepublicanRep.,57895.0,32.6,,,,,,,,,,,,,,,,,,,,,,,,,,,,,,,,,,,,,,,,
42,california,House District 19,Zoe Lofgren*,DemocratDem.,82965.0,67.5,Robert Murray,DemocratDem.,39918.0,32.5,,,,,,,,,,,,,,,,,,,,,,,,,,,,,,,,,,,,,,,,
43,california,House District 20,Sam Farr*,DemocratDem.,77305.0,74.3,Ronald Kabat,Other,26682.0,25.7,,,,,,,,,,,,,,,,,,,,,,,,,,,,,,,,,,,,,,,,
44,california,House District 21,David Valadao*,RepublicanRep.,41167.0,58.5,Amanda Renteria,DemocratDem.,29244.0,41.5,,,,,,,,,,,,,,,,,,,,,,,,,,,,,,,,,,,,,,,,
45,california,House District 22,Devin Nunes*,RepublicanRep.,80356.0,72.3,Suzanna Aguilera-Marrero,DemocratDem.,30734.0,27.7,,,,,,,,,,,,,,,,,,,,,,,,,,,,,,,,,,,,,,,,
46,california,House District 23,Kevin McCarthy*,RepublicanRep.,94308.0,75.4,Raul Garcia,DemocratDem.,30834.0,24.6,,,,,,,,,,,,,,,,,,,,,,,,,,,,,,,,,,,,,,,,
47,california,House District 24,Lois Capps*,DemocratDem.,97363.0,51.7,Chris Mitchum,RepublicanRep.,91103.0,48.3,,,,,,,,,,,,,,,,,,,,,,,,,,,,,,,,,,,,,,,,
48,california,House District 25,Steve Knight,RepublicanRep.,53952.0,53.4,Tony Strickland,RepublicanRep.,47094.0,46.6,,,,,,,,,,,,,,,,,,,,,,,,,,,,,,,,,,,,,,,,
49,california,House District 26,Julia Brownley*,DemocratDem.,79848.0,50.8,Jeff Gorell,RepublicanRep.,77478.0,49.2,,,,,,,,,,,,,,,,,,,,,,,,,,,,,,,,,,,,,,,,
50,california,House District 27,Judy Chu*,DemocratDem.,67884.0,58.9,Jack Orswell,RepublicanRep.,47443.0,41.1,,,,,,,,,,,,,,,,,,,,,,,,,,,,,,,,,,,,,,,,
51,california,House District 28,Adam B. Schiff*,DemocratDem.,77761.0,76.0,Steve Stokes,Other,24513.0,24.0,,,,,,,,,,,,,,,,,,,,,,,,,,,,,,,,,,,,,,,,
52,california,House District 29,Tony Cárdenas*,DemocratDem.,41419.0,74.2,William Leader,RepublicanRep.,14418.0,25.8,,,,,,,,,,,,,,,,,,,,,,,,,,,,,,,,,,,,,,,,
53,california,House District 30,Brad Sherman*,DemocratDem.,71736.0,65.0,Mark Reed,RepublicanRep.,38626.0,35.0,,,,,,,,,,,,,,,,,,,,,,,,,,,,,,,,,,,,,,,,
54,california,House District 31,Pete Aguilar,DemocratDem.,48960.0,51.4,Paul Chabot,RepublicanRep.,46362.0,48.6,,,,,,,,,,,,,,,,,,,,,,,,,,,,,,,,,,,,,,,,
55,california,House District 32,Grace F. Napolitano*,DemocratDem.,44504.0,59.3,Arturo Alas,RepublicanRep.,30518.0,40.7,,,,,,,,,,,,,,,,,,,,,,,,,,,,,,,,,,,,,,,,
56,california,House District 33,Ted Lieu,DemocratDem.,93544.0,58.6,Elan Carr,RepublicanRep.,65981.0,41.4,,,,,,,,,,,,,,,,,,,,,,,,,,,,,,,,,,,,,,,,
57,california,House District 34,Xavier Becerra*,DemocratDem.,37389.0,73.1,Adrienne Edwards,DemocratDem.,13758.0,26.9,,,,,,,,,,,,,,,,,,,,,,,,,,,,,,,,,,,,,,,,
58,california,House District 35,Norma Torres,DemocratDem.,36992.0,63.3,Christina Gagnier,DemocratDem.,21471.0,36.7,,,,,,,,,,,,,,,,,,,,,,,,,,,,,,,,,,,,,,,,
59,california,House District 36,Raul Ruiz*,DemocratDem.,67970.0,53.8,Brian Nestande,RepublicanRep.,58445.0,46.2,,,,,,,,,,,,,,,,,,,,,,,,,,,,,,,,,,,,,,,,
60,california,House District 37,Karen Bass*,DemocratDem.,79699.0,83.9,Adam King,RepublicanRep.,15291.0,16.1,,,,,,,,,,,,,,,,,,,,,,,,,,,,,,,,,,,,,,,,
61,california,House District 38,Linda T. Sánchez*,DemocratDem.,51862.0,58.7,Benjamin Campos,RepublicanRep.,36448.0,41.3,,,,,,,,,,,,,,,,,,,,,,,,,,,,,,,,,,,,,,,,
62,california,House District 39,Ed Royce*,RepublicanRep.,86748.0,68.8,Peter Anderson,DemocratDem.,39300.0,31.2,,,,,,,,,,,,,,,,,,,,,,,,,,,,,,,,,,,,,,,,
63,california,House District 40,Lucille Roybal-Allard*,DemocratDem.,26687.0,61.6,David Sanchez,DemocratDem.,16664.0,38.4,,,,,,,,,,,,,,,,,,,,,,,,,,,,,,,,,,,,,,,,
64,california,House District 41,Mark Takano*,DemocratDem.,43180.0,56.0,Steve Adams,RepublicanRep.,33902.0,44.0,,,,,,,,,,,,,,,,,,,,,,,,,,,,,,,,,,,,,,,,
65,california,House District 42,Ken Calvert*,RepublicanRep.,70602.0,65.9,Tim Sheridan,DemocratDem.,36575.0,34.1,,,,,,,,,,,,,,,,,,,,,,,,,,,,,,,,,,,,,,,,
66,california,House District 43,Maxine Waters*,DemocratDem.,59591.0,70.0,John Wood,RepublicanRep.,25502.0,30.0,,,,,,,,,,,,,,,,,,,,,,,,,,,,,,,,,,,,,,,,
67,california,House District 44,Janice Hahn*,DemocratDem.,51711.0,86.9,Adam Shbeita,Other,7813.0,13.1,,,,,,,,,,,,,,,,,,,,,,,,,,,,,,,,,,,,,,,,
68,california,House District 45,Mimi Walters,RepublicanRep.,103165.0,65.2,Drew Leavens,DemocratDem.,55064.0,34.8,,,,,,,,,,,,,,,,,,,,,,,,,,,,,,,,,,,,,,,,
69,california,House District 46,Loretta Sanchez*,DemocratDem.,45694.0,58.6,Adam Nick,RepublicanRep.,32247.0,41.4,,,,,,,,,,,,,,,,,,,,,,,,,,,,,,,,,,,,,,,,
70,california,House District 47,Alan Lowenthal*,DemocratDem.,62544.0,55.2,Andy Whallon,RepublicanRep.,50707.0,44.8,,,,,,,,,,,,,,,,,,,,,,,,,,,,,,,,,,,,,,,,
71,california,House District 48,Dana Rohrabacher*,RepublicanRep.,108004.0,64.2,Suzanne Savary,DemocratDem.,60164.0,35.8,,,,,,,,,,,,,,,,,,,,,,,,,,,,,,,,,,,,,,,,
72,california,House District 49,Darrell Issa*,RepublicanRep.,94365.0,60.2,Dave Peiser,DemocratDem.,62313.0,39.8,,,,,,,,,,,,,,,,,,,,,,,,,,,,,,,,,,,,,,,,
73,california,House District 50,Duncan Hunter*,RepublicanRep.,107835.0,71.4,James Kimber,DemocratDem.,43299.0,28.6,,,,,,,,,,,,,,,,,,,,,,,,,,,,,,,,,,,,,,,,
74,california,House District 51,Juan C. Vargas*,DemocratDem.,51644.0,68.8,Stephen Meade,RepublicanRep.,23424.0,31.2,,,,,,,,,,,,,,,,,,,,,,,,,,,,,,,,,,,,,,,,
75,california,House District 52,Scott Peters*,DemocratDem.,98332.0,51.6,Carl DeMaio,RepublicanRep.,92408.0,48.4,,,,,,,,,,,,,,,,,,,,,,,,,,,,,,,,,,,,,,,,
76,california,House District 53,Susan A. Davis*,DemocratDem.,83686.0,58.7,Larry Wilske,RepublicanRep.,58880.0,41.3,,,,,,,,,,,,,,,,,,,,,,,,,,,,,,,,,,,,,,,,
77,colorado,Senate,Cory Gardner,RepublicanRep.,965974.0,48.5,Mark Udall*,DemocratDem.,916245.0,46.0,Gaylon Kent,Other,51225.0,2.6,Steve Shogan,Other,28604.0,1.4,Raul Acosta,Other,23342.0,1.2,Bill Hammons,Other,6217.0,0.3,,,,,,,,,,,,,,,,,,,,,,,,
78,colorado,House District 1,Diana DeGette*,DemocratDem.,174756.0,65.7,Martin Walsh,RepublicanRep.,77551.0,29.2,Frank Atwood,Other,8770.0,3.3,Danny Stroud,Other,4944.0,1.9,,,,,,,,,,,,,,,,,,,,,,,,,,,,,,,,
79,colorado,House District 2,Jared Polis*,DemocratDem.,191733.0,56.5,George Leing,RepublicanRep.,147779.0,43.5,,,,,,,,,,,,,,,,,,,,,,,,,,,,,,,,,,,,,,,,
80,colorado,House District 3,Scott Tipton*,RepublicanRep.,159793.0,58.1,Abel Tapia,DemocratDem.,98172.0,35.7,Tisha Casida,Other,10929.0,4.0,Travis Mero,Other,6286.0,2.3,,,,,,,,,,,,,,,,,,,,,,,,,,,,,,,,
81,colorado,House District 4,Ken Buck,RepublicanRep.,183956.0,64.8,Vic Meyers,DemocratDem.,82872.0,29.2,Jess Loban,Other,9315.0,3.3,Grant Doherty,Other,7943.0,2.8,,,,,,,,,,,,,,,,,,,,,,,,,,,,,,,,
82,colorado,House District 5,Doug Lamborn*,RepublicanRep.,156749.0,59.8,Irv Halter,DemocratDem.,105373.0,40.2,,,,,,,,,,,,,,,,,,,,,,,,,,,,,,,,,,,,,,,,
83,colorado,House District 6,Mike Coffman*,RepublicanRep.,141221.0,52.0,Andrew Romanoff,DemocratDem.,116621.0,42.9,Norm Olsen,Other,8390.0,3.1,Gary Swing,Other,5343.0,2.0,,,,,,,,,,,,,,,,,,,,,,,,,,,,,,,,
84,colorado,House District 7,Ed Perlmutter*,DemocratDem.,139166.0,54.9,Don Ytterberg,RepublicanRep.,114480.0,45.1,,,,,,,,,,,,,,,,,,,,,,,,,,,,,,,,,,,,,,,,
85,connecticut,House District 1,John B. Larson*,DemocratDem.,135134.0,62.2,Matthew Corey,RepublicanRep.,78469.0,36.1,Jeffery Russell,Other,3641.0,1.7,,,,,,,,,,,,,,,,,,,,,,,,,,,,,,,,,,,,
86,connecticut,House District 2,Joe Courtney*,DemocratDem.,141069.0,62.3,Lori Hopkins-Cavanagh,RepublicanRep.,80692.0,35.6,William Clyde,Other,2461.0,1.1,Daniel Reale,Other,2394.0,1.1,,,,,,,,,,,,,,,,,,,,,,,,,,,,,,,,
87,connecticut,House District 3,Rosa DeLauro*,DemocratDem.,139432.0,67.1,James Brown,RepublicanRep.,68443.0,32.9,,,,,,,,,,,,,,,,,,,,,,,,,,,,,,,,,,,,,,,,
88,connecticut,House District 4,Jim Himes*,DemocratDem.,106690.0,53.7,Dan Debicella,RepublicanRep.,92080.0,46.3,,,,,,,,,,,,,,,,,,,,,,,,,,,,,,,,,,,,,,,,
89,connecticut,House District 5,Elizabeth Esty*,DemocratDem.,109819.0,53.0,Mark Greenberg,RepublicanRep.,95319.0,46.0,John Pistone,Other,2032.0,1.0,,,,,,,,,,,,,,,,,,,,,,,,,,,,,,,,,,,,
90,delaware,Senate,Chris Coons*,DemocratDem.,130645.0,55.8,Kevin Wade,RepublicanRep.,98819.0,42.2,Andrew Groff,Other,4560.0,1.9,,,,,,,,,,,,,,,,,,,,,,,,,,,,,,,,,,,,
91,delaware,House District 1,John Carney*,DemocratDem.,137245.0,59.3,Rose Izzo,RepublicanRep.,85142.0,36.8,Bernard August,Other,4801.0,2.1,Scott Gesty,Other,4419.0,1.9,,,,,,,,,,,,,,,,,,,,,,,,,,,,,,,,
92,florida,House District 1,Jeff Miller*,RepublicanRep.,164897.0,70.2,Jim Bryan,DemocratDem.,54892.0,23.4,Mark Wichern,Other,15257.0,6.5,,,,,,,,,,,,,,,,,,,,,,,,,,,,,,,,,,,,
93,florida,House District 2,Gwen Graham,DemocratDem.,125132.0,50.4,Steve Southerland II*,RepublicanRep.,122939.0,49.6,,,,,,,,,,,,,,,,,,,,,,,,,,,,,,,,,,,,,,,,
94,florida,House District 3,Ted Yoho*,RepublicanRep.,148483.0,65.0,Marihelen Wheeler,DemocratDem.,73695.0,32.3,Howard Lawson,Other,6187.0,2.7,,,,,,,,,,,,,,,,,,,,,,,,,,,,,,,,,,,,
95,florida,House District 4,Ander Crenshaw*,RepublicanRep.,177565.0,78.3,Paula Moser-Bartlett,Other,35549.0,15.7,Gary Koniz,Other,13644.0,6.0,,,,,,,,,,,,,,,,,,,,,,,,,,,,,,,,,,,,
96,florida,House District 5,Corrine Brown*,DemocratDem.,112092.0,65.5,Glo Smith,RepublicanRep.,59152.0,34.5,,,,,,,,,,,,,,,,,,,,,,,,,,,,,,,,,,,,,,,,
97,florida,House District 6,Ron DeSantis*,RepublicanRep.,166101.0,62.5,David Cox,DemocratDem.,99463.0,37.5,,,,,,,,,,,,,,,,,,,,,,,,,,,,,,,,,,,,,,,,
98,florida,House District 7,John L. Mica*,RepublicanRep.,144370.0,63.6,Wes Neuman,DemocratDem.,72925.0,32.1,Al Krulick,Other,9666.0,4.3,,,,,,,,,,,,,,,,,,,,,,,,,,,,,,,,,,,,
99,florida,House District 8,Bill Posey*,RepublicanRep.,180541.0,65.9,Gabriel Rothblatt,DemocratDem.,93588.0,34.1,,,,,,,,,,,,,,,,,,,,,,,,,,,,,,,,,,,,,,,,
100,florida,House District 9,Alan Grayson*,DemocratDem.,93739.0,54.0,Carol Platt,RepublicanRep.,74903.0,43.1,Marko Milakovich,Other,5051.0,2.9,,,,,,,,,,,,,,,,,,,,,,,,,,,,,,,,,,,,
101,florida,House District 10,Daniel Webster*,RepublicanRep.,142967.0,61.6,Michael McKenna,DemocratDem.,89267.0,38.4,,,,,,,,,,,,,,,,,,,,,,,,,,,,,,,,,,,,,,,,
102,florida,House District 11,Rich Nugent*,RepublicanRep.,181398.0,66.7,Dave Koller,DemocratDem.,90706.0,33.3,,,,,,,,,,,,,,,,,,,,,,,,,,,,,,,,,,,,,,,,
103,florida,House District 12,Gus Bilirakis* ,RepublicanRep.,,,Uncontested,,,,,,,,,,,,,,,,,,,,,,,,,,,,,,,,,,,,,,,,,,,
104,florida,House District 13,David Jolly*,RepublicanRep.,168092.0,75.3,Lucas Overby,Other,55273.0,24.7,,,,,,,,,,,,,,,,,,,,,,,,,,,,,,,,,,,,,,,,
105,florida,House District 14,Kathy Castor* ,DemocratDem.,,,Uncontested,,,,,,,,,,,,,,,,,,,,,,,,,,,,,,,,,,,,,,,,,,,
106,florida,House District 15,Dennis A. Ross*,RepublicanRep.,128533.0,60.3,Alan Cohn,DemocratDem.,84620.0,39.7,,,,,,,,,,,,,,,,,,,,,,,,,,,,,,,,,,,,,,,,
107,florida,House District 16,Vern Buchanan*,RepublicanRep.,168990.0,61.6,Henry Lawrence,DemocratDem.,105357.0,38.4,,,,,,,,,,,,,,,,,,,,,,,,,,,,,,,,,,,,,,,,
108,florida,House District 17,Tom Rooney*,RepublicanRep.,141310.0,63.2,Will Bronson,DemocratDem.,82126.0,36.8,,,,,,,,,,,,,,,,,,,,,,,,,,,,,,,,,,,,,,,,
109,florida,House District 18,Patrick Murphy*,DemocratDem.,151253.0,59.8,Carl Domino,RepublicanRep.,101778.0,40.2,,,,,,,,,,,,,,,,,,,,,,,,,,,,,,,,,,,,,,,,
110,florida,House District 19,Curt Clawson*,RepublicanRep.,159038.0,64.6,April Freeman,DemocratDem.,80607.0,32.7,Ray Netherwood,Other,6650.0,2.7,,,,,,,,,,,,,,,,,,,,,,,,,,,,,,,,,,,,
111,florida,House District 20,Alcee L. Hastings*,DemocratDem.,128217.0,81.6,Jay Bonner,RepublicanRep.,28900.0,18.4,,,,,,,,,,,,,,,,,,,,,,,,,,,,,,,,,,,,,,,,
112,florida,House District 21,Ted Deutch* ,DemocratDem.,,,Uncontested,,,,,,,,,,,,,,,,,,,,,,,,,,,,,,,,,,,,,,,,,,,
113,florida,House District 22,Lois Frankel*,DemocratDem.,125071.0,58.0,Paul Spain,RepublicanRep.,90452.0,42.0,,,,,,,,,,,,,,,,,,,,,,,,,,,,,,,,,,,,,,,,
114,florida,House District 23,Debbie Wasserman Schultz*,DemocratDem.,103034.0,62.6,Joe Kaufman,RepublicanRep.,61428.0,37.4,,,,,,,,,,,,,,,,,,,,,,,,,,,,,,,,,,,,,,,,
115,florida,House District 24,Frederica S. Wilson*,DemocratDem.,129065.0,86.2,Dufirstson Neree,RepublicanRep.,15220.0,10.2,Luis Fernandez,Other,5480.0,3.7,,,,,,,,,,,,,,,,,,,,,,,,,,,,,,,,,,,,
116,florida,House District 25,Mario Diaz-Balart* ,RepublicanRep.,,,Uncontested,,,,,,,,,,,,,,,,,,,,,,,,,,,,,,,,,,,,,,,,,,,
117,florida,House District 26,Carlos Curbelo,RepublicanRep.,82780.0,51.5,Joe Garcia*,DemocratDem.,77958.0,48.5,,,,,,,,,,,,,,,,,,,,,,,,,,,,,,,,,,,,,,,,
118,florida,House District 27,Ileana Ros-Lehtinen* ,RepublicanRep.,,,Uncontested,,,,,,,,,,,,,,,,,,,,,,,,,,,,,,,,,,,,,,,,,,,
119,georgia,Senate,David A. Perdue,RepublicanRep.,1355392.0,53.0,Michelle Nunn,DemocratDem.,1154388.0,45.1,Amanda Swafford,Other,48930.0,1.9,,,,,,,,,,,,,,,,,,,,,,,,,,,,,,,,,,,,
120,georgia,House District 1,Buddy Carter,RepublicanRep.,93882.0,61.2,Brian Reese,DemocratDem.,59594.0,38.8,,,,,,,,,,,,,,,,,,,,,,,,,,,,,,,,,,,,,,,,
121,georgia,House District 2,Sanford D. Bishop Jr.*,DemocratDem.,96215.0,59.1,Gregory Duke,RepublicanRep.,66474.0,40.9,,,,,,,,,,,,,,,,,,,,,,,,,,,,,,,,,,,,,,,,
122,georgia,House District 3,Lynn Westmoreland* ,RepublicanRep.,,,Uncontested,,,,,,,,,,,,,,,,,,,,,,,,,,,,,,,,,,,,,,,,,,,
123,georgia,House District 4,Hank Johnson* ,DemocratDem.,,,Uncontested,,,,,,,,,,,,,,,,,,,,,,,,,,,,,,,,,,,,,,,,,,,
124,georgia,House District 5,John Lewis* ,DemocratDem.,,,Uncontested,,,,,,,,,,,,,,,,,,,,,,,,,,,,,,,,,,,,,,,,,,,
125,georgia,House District 6,Tom Price*,RepublicanRep.,138616.0,66.1,Robert Montigel,DemocratDem.,71140.0,33.9,,,,,,,,,,,,,,,,,,,,,,,,,,,,,,,,,,,,,,,,
126,georgia,House District 7,Rob Woodall*,RepublicanRep.,113260.0,65.5,Thomas Wight,DemocratDem.,59740.0,34.5,,,,,,,,,,,,,,,,,,,,,,,,,,,,,,,,,,,,,,,,
127,georgia,House District 8,Austin Scott* ,RepublicanRep.,,,Uncontested,,,,,,,,,,,,,,,,,,,,,,,,,,,,,,,,,,,,,,,,,,,
128,georgia,House District 9,Doug Collins*,RepublicanRep.,145856.0,80.7,David Vogel,DemocratDem.,34866.0,19.3,,,,,,,,,,,,,,,,,,,,,,,,,,,,,,,,,,,,,,,,
129,georgia,House District 10,Jody Hice,RepublicanRep.,130572.0,66.5,Ken Dious,DemocratDem.,65676.0,33.5,,,,,,,,,,,,,,,,,,,,,,,,,,,,,,,,,,,,,,,,
130,georgia,House District 11,Barry Loudermilk ,RepublicanRep.,,,Uncontested,,,,,,,,,,,,,,,,,,,,,,,,,,,,,,,,,,,,,,,,,,,
131,georgia,House District 12,Rick Allen,RepublicanRep.,90987.0,54.8,John Barrow*,DemocratDem.,75123.0,45.2,,,,,,,,,,,,,,,,,,,,,,,,,,,,,,,,,,,,,,,,
132,georgia,House District 13,David Scott* ,DemocratDem.,,,Uncontested,,,,,,,,,,,,,,,,,,,,,,,,,,,,,,,,,,,,,,,,,,,
133,georgia,House District 14,Tom Graves* ,RepublicanRep.,,,Uncontested,,,,,,,,,,,,,,,,,,,,,,,,,,,,,,,,,,,,,,,,,,,
134,hawaii,Senate,Brian Schatz*,DemocratDem.,246720.0,69.8,Cam Cavasso,RepublicanRep.,97972.0,27.7,Michael Kokoski,Other,8936.0,2.5,,,,,,,,,,,,,,,,,,,,,,,,,,,,,,,,,,,,
135,hawaii,House District 1,Mark Takai,DemocratDem.,93331.0,51.9,Charles Djou,RepublicanRep.,86409.0,48.1,,,,,,,,,,,,,,,,,,,,,,,,,,,,,,,,,,,,,,,,
136,hawaii,House District 2,Tulsi Gabbard*,DemocratDem.,141978.0,78.7,Kawika Crowley,RepublicanRep.,33621.0,18.6,Joe Kent,Other,4691.0,2.6,,,,,,,,,,,,,,,,,,,,,,,,,,,,,,,,,,,,
137,idaho,Senate,Jim Risch*,RepublicanRep.,285322.0,65.3,Nels Mitchell,DemocratDem.,151697.0,34.7,,,,,,,,,,,,,,,,,,,,,,,,,,,,,,,,,,,,,,,,
138,idaho,House District 1,Raúl R. Labrador*,RepublicanRep.,143558.0,65.0,Shirley Ringo,DemocratDem.,77352.0,35.0,,,,,,,,,,,,,,,,,,,,,,,,,,,,,,,,,,,,,,,,
139,idaho,House District 2,Mike Simpson*,RepublicanRep.,131465.0,61.4,Richard Stallings,DemocratDem.,82728.0,38.6,,,,,,,,,,,,,,,,,,,,,,,,,,,,,,,,,,,,,,,,
140,illinois,Senate,Richard J. Durbin*,DemocratDem.,1850862.0,53.1,Jim Oberweis,RepublicanRep.,1503942.0,43.1,Sharon Hansen,Other,130762.0,3.8,,,,,,,,,,,,,,,,,,,,,,,,,,,,,,,,,,,,
141,illinois,House District 1,Bobby L. Rush*,DemocratDem.,151566.0,72.2,Jimmy Lee Tillman,RepublicanRep.,58333.0,27.8,,,,,,,,,,,,,,,,,,,,,,,,,,,,,,,,,,,,,,,,
142,illinois,House District 2,Robin Kelly*,DemocratDem.,152905.0,78.0,Eric Wallace,RepublicanRep.,43039.0,22.0,,,,,,,,,,,,,,,,,,,,,,,,,,,,,,,,,,,,,,,,
143,illinois,House District 3,Dan Lipinski*,DemocratDem.,113059.0,64.3,Sharon Brannigan,RepublicanRep.,62664.0,35.7,,,,,,,,,,,,,,,,,,,,,,,,,,,,,,,,,,,,,,,,
144,illinois,House District 4,Luis V. Gutiérrez*,DemocratDem.,75344.0,77.9,Hector Concepcion,RepublicanRep.,21379.0,22.1,,,,,,,,,,,,,,,,,,,,,,,,,,,,,,,,,,,,,,,,
145,illinois,House District 5,Mike Quigley*,DemocratDem.,109796.0,63.1,Vince Kolber,RepublicanRep.,53580.0,30.8,Nancy Wade,Other,10548.0,6.1,,,,,,,,,,,,,,,,,,,,,,,,,,,,,,,,,,,,
146,illinois,House District 6,Peter Roskam*,RepublicanRep.,153410.0,67.2,Michael Mason,DemocratDem.,74941.0,32.8,,,,,,,,,,,,,,,,,,,,,,,,,,,,,,,,,,,,,,,,
147,illinois,House District 7,Danny K. Davis*,DemocratDem.,145749.0,85.0,Robert Bumpers,RepublicanRep.,25753.0,15.0,,,,,,,,,,,,,,,,,,,,,,,,,,,,,,,,,,,,,,,,
148,illinois,House District 8,Tammy Duckworth*,DemocratDem.,79651.0,55.4,Larry Kaifesh,RepublicanRep.,63997.0,44.6,,,,,,,,,,,,,,,,,,,,,,,,,,,,,,,,,,,,,,,,
149,illinois,House District 9,Jan Schakowsky*,DemocratDem.,134070.0,65.7,Susanne Atanus,RepublicanRep.,69876.0,34.3,,,,,,,,,,,,,,,,,,,,,,,,,,,,,,,,,,,,,,,,
150,illinois,House District 10,Robert Dold,RepublicanRep.,93984.0,51.6,Brad Schneider*,DemocratDem.,88010.0,48.4,,,,,,,,,,,,,,,,,,,,,,,,,,,,,,,,,,,,,,,,
151,illinois,House District 11,Bill Foster*,DemocratDem.,87790.0,53.2,Darlene Senger,RepublicanRep.,77310.0,46.8,,,,,,,,,,,,,,,,,,,,,,,,,,,,,,,,,,,,,,,,
152,illinois,House District 12,Mike Bost,RepublicanRep.,106435.0,52.7,Bill Enyart*,DemocratDem.,84136.0,41.6,Paula Bradshaw,Other,11474.0,5.7,,,,,,,,,,,,,,,,,,,,,,,,,,,,,,,,,,,,
153,illinois,House District 13,Rodney Davis*,RepublicanRep.,122661.0,58.7,Ann Callis,DemocratDem.,86126.0,41.3,,,,,,,,,,,,,,,,,,,,,,,,,,,,,,,,,,,,,,,,
154,illinois,House District 14,Randy Hultgren*,RepublicanRep.,143354.0,65.6,Dennis Anderson,DemocratDem.,75229.0,34.4,,,,,,,,,,,,,,,,,,,,,,,,,,,,,,,,,,,,,,,,
155,illinois,House District 15,John Shimkus*,RepublicanRep.,165824.0,75.0,Eric Thorsland,DemocratDem.,55314.0,25.0,,,,,,,,,,,,,,,,,,,,,,,,,,,,,,,,,,,,,,,,
156,illinois,House District 16,Adam Kinzinger*,RepublicanRep.,151464.0,70.7,Randall Olsen,DemocratDem.,62695.0,29.3,,,,,,,,,,,,,,,,,,,,,,,,,,,,,,,,,,,,,,,,
157,illinois,House District 17,Cheri Bustos*,DemocratDem.,108229.0,55.2,Bobby Schilling,RepublicanRep.,88004.0,44.8,,,,,,,,,,,,,,,,,,,,,,,,,,,,,,,,,,,,,,,,
158,illinois,House District 18,Aaron Schock*,RepublicanRep.,182696.0,74.8,Darrel Miller,DemocratDem.,61652.0,25.2,,,,,,,,,,,,,,,,,,,,,,,,,,,,,,,,,,,,,,,,
159,indiana,House District 1,Peter J. Visclosky*,DemocratDem.,86572.0,60.8,Mark Leyva,RepublicanRep.,51034.0,35.9,Donna Dunn,Other,4715.0,3.3,,,,,,,,,,,,,,,,,,,,,,,,,,,,,,,,,,,,
160,indiana,House District 2,Jackie Walorski*,RepublicanRep.,85119.0,58.9,Joe Bock,DemocratDem.,55331.0,38.3,Jeff Petermann,Other,3992.0,2.8,,,,,,,,,,,,,,,,,,,,,,,,,,,,,,,,,,,,
161,indiana,House District 3,Marlin Stutzman*,RepublicanRep.,102565.0,69.2,Justin Kuhnle,DemocratDem.,39629.0,26.7,Scott Wise,Other,6113.0,4.1,,,,,,,,,,,,,,,,,,,,,,,,,,,,,,,,,,,,
162,indiana,House District 4,Todd Rokita*,RepublicanRep.,94919.0,66.9,John Dale,DemocratDem.,47025.0,33.1,,,,,,,,,,,,,,,,,,,,,,,,,,,,,,,,,,,,,,,,
163,indiana,House District 5,Susan W. Brooks*,RepublicanRep.,105238.0,65.2,Shawn Denney,DemocratDem.,49705.0,30.8,John Krom,Other,6406.0,4.0,,,,,,,,,,,,,,,,,,,,,,,,,,,,,,,,,,,,
164,indiana,House District 6,Luke Messer*,RepublicanRep.,101006.0,65.9,Susan Heitzman,DemocratDem.,45062.0,29.4,Eric Miller,Other,7316.0,4.8,,,,,,,,,,,,,,,,,,,,,,,,,,,,,,,,,,,,
165,indiana,House District 7,André Carson*,DemocratDem.,60870.0,54.7,Catherine Ping,RepublicanRep.,46588.0,41.8,Chris Mayo,Other,3908.0,3.5,,,,,,,,,,,,,,,,,,,,,,,,,,,,,,,,,,,,
166,indiana,House District 8,Larry Bucshon*,RepublicanRep.,103234.0,60.3,Tom Spangler,DemocratDem.,61309.0,35.8,Andrew Horning,Other,6580.0,3.8,,,,,,,,,,,,,,,,,,,,,,,,,,,,,,,,,,,,
167,indiana,House District 9,Todd Young*,RepublicanRep.,99810.0,63.1,Bill Bailey,DemocratDem.,52659.0,33.3,Mike Frey,Other,5679.0,3.6,,,,,,,,,,,,,,,,,,,,,,,,,,,,,,,,,,,,
168,iowa,Senate,Joni Ernst,RepublicanRep.,586921.0,52.2,Bruce Braley,DemocratDem.,491708.0,43.7,Rick Stewart,Other,26662.0,2.4,Douglas Butzier,Other,8315.0,0.7,Bob Quast,Other,5928.0,0.5,Ruth Smith,Other,4711.0,0.4,,,,,,,,,,,,,,,,,,,,,,,,
169,iowa,House District 1,Rod Blum,RepublicanRep.,147153.0,51.2,Pat Murphy,DemocratDem.,140086.0,48.8,,,,,,,,,,,,,,,,,,,,,,,,,,,,,,,,,,,,,,,,
170,iowa,House District 2,Dave Loebsack*,DemocratDem.,142566.0,52.5,Mariannette Miller-Meeks,RepublicanRep.,129157.0,47.5,,,,,,,,,,,,,,,,,,,,,,,,,,,,,,,,,,,,,,,,
171,iowa,House District 3,David Young,RepublicanRep.,148652.0,52.9,Staci Appel,DemocratDem.,118938.0,42.3,Edward Wright,Other,9038.0,3.2,Bryan Holder,Other,4352.0,1.5,,,,,,,,,,,,,,,,,,,,,,,,,,,,,,,,
172,iowa,House District 4,Steve King*,RepublicanRep.,169141.0,61.7,Jim Mowrer,DemocratDem.,104873.0,38.3,,,,,,,,,,,,,,,,,,,,,,,,,,,,,,,,,,,,,,,,
173,kansas,Senate,Pat Roberts*,RepublicanRep.,449974.0,53.3,Greg Orman,Other,358898.0,42.5,Randall Batson,Other,36002.0,4.3,,,,,,,,,,,,,,,,,,,,,,,,,,,,,,,,,,,,
174,kansas,House District 1,Tim Huelskamp*,RepublicanRep.,132140.0,67.5,James Sherow,DemocratDem.,63577.0,32.5,,,,,,,,,,,,,,,,,,,,,,,,,,,,,,,,,,,,,,,,
175,kansas,House District 2,Lynn Jenkins*,RepublicanRep.,126627.0,57.2,Margie Wakefield,DemocratDem.,85076.0,38.5,Christopher Clemmons,Other,9524.0,4.3,,,,,,,,,,,,,,,,,,,,,,,,,,,,,,,,,,,,
176,kansas,House District 3,Kevin Yoder*,RepublicanRep.,132501.0,60.2,Kelly Kultala,DemocratDem.,87781.0,39.8,,,,,,,,,,,,,,,,,,,,,,,,,,,,,,,,,,,,,,,,
177,kansas,House District 4,Mike Pompeo*,RepublicanRep.,135993.0,66.8,Perry Schuckman,DemocratDem.,67643.0,33.2,,,,,,,,,,,,,,,,,,,,,,,,,,,,,,,,,,,,,,,,
178,kentucky,Senate,Mitch McConnell*,RepublicanRep.,806795.0,56.2,Alison Lundergan Grimes,DemocratDem.,584699.0,40.7,David Patterson,Other,44240.0,3.1,,,,,,,,,,,,,,,,,,,,,,,,,,,,,,,,,,,,
179,kentucky,House District 1,Edward Whitfield*,RepublicanRep.,173020.0,73.1,Charles Hatchett,DemocratDem.,63595.0,26.9,,,,,,,,,,,,,,,,,,,,,,,,,,,,,,,,,,,,,,,,
180,kentucky,House District 2,Brett Guthrie*,RepublicanRep.,156936.0,69.2,Ron Leach,DemocratDem.,69898.0,30.8,,,,,,,,,,,,,,,,,,,,,,,,,,,,,,,,,,,,,,,,
181,kentucky,House District 3,John Yarmuth*,DemocratDem.,157056.0,63.5,Michael Macfarlane,RepublicanRep.,87981.0,35.6,Gregory Puccetti,Other,2318.0,0.9,,,,,,,,,,,,,,,,,,,,,,,,,,,,,,,,,,,,
182,kentucky,House District 4,Thomas Massie*,RepublicanRep.,150464.0,67.7,Peter Newberry,DemocratDem.,71693.0,32.3,,,,,,,,,,,,,,,,,,,,,,,,,,,,,,,,,,,,,,,,
183,kentucky,House District 5,Harold Rogers*,RepublicanRep.,171080.0,78.2,Kenneth Stepp,DemocratDem.,47617.0,21.8,,,,,,,,,,,,,,,,,,,,,,,,,,,,,,,,,,,,,,,,
184,kentucky,House District 6,Andy Barr*,RepublicanRep.,147404.0,60.0,Elisabeth Jensen,DemocratDem.,98429.0,40.0,,,,,,,,,,,,,,,,,,,,,,,,,,,,,,,,,,,,,,,,
185,louisiana,Senate,Mary Landrieu*,DemocratDem.,618840.0,42.1,Bill Cassidy,RepublicanRep.,602439.0,41.0,Rob Maness,RepublicanRep.,202413.0,13.8,Thomas Clements,RepublicanRep.,14158.0,1.0,Brannon McMorris,Other,13024.0,0.9,Wayne Ables,DemocratDem.,11318.0,0.8,William Waymire,DemocratDem.,4669.0,0.3,Vallian Senegal,DemocratDem.,3831.0,0.3,,,,,,,,,,,,,,,,
186,louisiana,House District 1,Steve Scalise*,RepublicanRep.,188455.0,77.5,Vinny Mendoza,DemocratDem.,24685.0,10.2,Lee Dugas,DemocratDem.,21205.0,8.7,Jeff Sanford,Other,8688.0,3.6,,,,,,,,,,,,,,,,,,,,,,,,,,,,,,,,
187,louisiana,House District 2,Cedric Richmond*,DemocratDem.,152103.0,68.7,Gary Landrieu,DemocratDem.,37775.0,17.1,David Brooks,Other,16321.0,7.4,Samuel Davenport,Other,15227.0,6.9,,,,,,,,,,,,,,,,,,,,,,,,,,,,,,,,
188,louisiana,House District 3,Charles Boustany*,RepublicanRep.,185835.0,78.7,Russell Richard,Other,28330.0,12.0,Bryan Barrilleaux,RepublicanRep.,22056.0,9.3,,,,,,,,,,,,,,,,,,,,,,,,,,,,,,,,,,,,
189,louisiana,House District 4,John Fleming*,RepublicanRep.,152670.0,73.4,Randall Lord,Other,55224.0,26.6,,,,,,,,,,,,,,,,,,,,,,,,,,,,,,,,,,,,,,,,
190,louisiana,House District 5,Jamie Mayo,DemocratDem.,67610.0,28.2,Ralph Abraham,RepublicanRep.,55487.0,23.2,Zach Dasher,RepublicanRep.,53627.0,22.4,Vance McAllister*,RepublicanRep.,26605.0,11.1,Clyde Holloway,RepublicanRep.,17875.0,7.5,Harris Brown,RepublicanRep.,9890.0,4.1,Ed Tarpley,RepublicanRep.,4593.0,1.9,Charles Saucier,Other,2200.0,0.9,Eliot Barron,Other,1654.0,0.7,,,,,,,,,,,,
191,louisiana,House District 6,Edwin Edwards,DemocratDem.,77852.0,30.1,Garret Graves,RepublicanRep.,70706.0,27.4,Paul Dietzel,RepublicanRep.,35013.0,13.5,Dan Claitor,RepublicanRep.,26520.0,10.3,Lenar Whitney,RepublicanRep.,19146.0,7.4,Richard Lieberman,DemocratDem.,7306.0,2.8,Craig McCulloch,RepublicanRep.,5814.0,2.2,Bob Bell,RepublicanRep.,5182.0,2.0,Peter Williams,DemocratDem.,4036.0,1.6,Rufus Craig,Other,3560.0,1.4,Norm Clark,RepublicanRep.,1848.0,0.7,Trey Thomas,RepublicanRep.,1447.0,0.6
192,maine,Senate,Susan Collins*,RepublicanRep.,412211.0,68.5,Shenna Bellows,DemocratDem.,189653.0,31.5,,,,,,,,,,,,,,,,,,,,,,,,,,,,,,,,,,,,,,,,
193,maine,House District 1,Chellie Pingree*,DemocratDem.,186309.0,60.3,Isaac Misiuk,RepublicanRep.,94847.0,30.7,Richard Murphy,Other,27669.0,9.0,,,,,,,,,,,,,,,,,,,,,,,,,,,,,,,,,,,,
194,maine,House District 2,Bruce Poliquin,RepublicanRep.,133112.0,47.1,Emily Cain,DemocratDem.,118070.0,41.8,Blaine Richardson,Other,31151.0,11.0,,,,,,,,,,,,,,,,,,,,,,,,,,,,,,,,,,,,
195,maryland,House District 1,Andy Harris*,RepublicanRep.,170504.0,70.7,Bill Tilghman,DemocratDem.,70532.0,29.3,,,,,,,,,,,,,,,,,,,,,,,,,,,,,,,,,,,,,,,,
196,maryland,House District 2,C.A. Dutch Ruppersberger*,DemocratDem.,115586.0,61.3,David Banach,RepublicanRep.,67995.0,36.0,Ian Schlakman,Other,5096.0,2.7,,,,,,,,,,,,,,,,,,,,,,,,,,,,,,,,,,,,
197,maryland,House District 3,John Sarbanes*,DemocratDem.,122066.0,59.4,Charles Long,RepublicanRep.,83279.0,40.6,,,,,,,,,,,,,,,,,,,,,,,,,,,,,,,,,,,,,,,,
198,maryland,House District 4,Donna Edwards*,DemocratDem.,126633.0,70.0,Nancy Hoyt,RepublicanRep.,51721.0,28.6,Arvin Vohra,Other,2627.0,1.5,,,,,,,,,,,,,,,,,,,,,,,,,,,,,,,,,,,,
199,maryland,House District 5,Steny H. Hoyer*,DemocratDem.,138284.0,64.1,Chris Chaffee,RepublicanRep.,77451.0,35.9,,,,,,,,,,,,,,,,,,,,,,,,,,,,,,,,,,,,,,,,
200,maryland,House District 6,John Delaney*,DemocratDem.,91569.0,49.6,Daniel Bongino,RepublicanRep.,89300.0,48.4,George Gluck,Other,3605.0,2.0,,,,,,,,,,,,,,,,,,,,,,,,,,,,,,,,,,,,
201,maryland,House District 7,Elijah E. Cummings*,DemocratDem.,136913.0,69.7,Corrogan Vaughn,RepublicanRep.,53718.0,27.4,Scott Soffen,Other,5777.0,2.9,,,,,,,,,,,,,,,,,,,,,,,,,,,,,,,,,,,,
202,maryland,House District 8,Chris Van Hollen*,DemocratDem.,127260.0,60.3,Dave Wallace,RepublicanRep.,83711.0,39.7,,,,,,,,,,,,,,,,,,,,,,,,,,,,,,,,,,,,,,,,
203,massachusetts,Senate,Ed Markey*,DemocratDem.,1285736.0,62.0,Brian Herr,RepublicanRep.,789378.0,38.0,,,,,,,,,,,,,,,,,,,,,,,,,,,,,,,,,,,,,,,,
204,massachusetts,House District 1,Richard E. Neal* ,DemocratDem.,,,Uncontested,,,,,,,,,,,,,,,,,,,,,,,,,,,,,,,,,,,,,,,,,,,
205,massachusetts,House District 2,Jim McGovern* ,DemocratDem.,,,Uncontested,,,,,,,,,,,,,,,,,,,,,,,,,,,,,,,,,,,,,,,,,,,
206,massachusetts,House District 3,Niki Tsongas*,DemocratDem.,138120.0,63.0,Ann Wofford,RepublicanRep.,81167.0,37.0,,,,,,,,,,,,,,,,,,,,,,,,,,,,,,,,,,,,,,,,
207,massachusetts,House District 4,Joseph P. Kennedy III* ,DemocratDem.,,,Uncontested,,,,,,,,,,,,,,,,,,,,,,,,,,,,,,,,,,,,,,,,,,,
208,massachusetts,House District 5,Katherine M. Clark* ,DemocratDem.,,,Uncontested,,,,,,,,,,,,,,,,,,,,,,,,,,,,,,,,,,,,,,,,,,,
209,massachusetts,House District 6,Seth Moulton,DemocratDem.,149449.0,54.6,Richard Tisei,RepublicanRep.,111848.0,40.9,Chris Stockwell,Other,12175.0,4.5,,,,,,,,,,,,,,,,,,,,,,,,,,,,,,,,,,,,
210,massachusetts,House District 7,Michael E. Capuano* ,DemocratDem.,,,Uncontested,,,,,,,,,,,,,,,,,,,,,,,,,,,,,,,,,,,,,,,,,,,
211,massachusetts,House District 8,Stephen F. Lynch* ,DemocratDem.,,,Uncontested,,,,,,,,,,,,,,,,,,,,,,,,,,,,,,,,,,,,,,,,,,,
212,massachusetts,House District 9,William Keating*,DemocratDem.,140100.0,55.0,John Chapman,RepublicanRep.,114670.0,45.0,,,,,,,,,,,,,,,,,,,,,,,,,,,,,,,,,,,,,,,,
213,michigan,Senate,Gary Peters,DemocratDem.,1693781.0,54.6,Terri Lynn Land,RepublicanRep.,1283850.0,41.4,Jim Fulner,Other,62504.0,2.0,Richard Matkin,Other,37155.0,1.2,Chris Wahmhoff,Other,26040.0,0.8,,,,,,,,,,,,,,,,,,,,,,,,,,,,
214,michigan,House District 1,Dan Benishek*,RepublicanRep.,130410.0,52.1,Jerry Cannon,DemocratDem.,113259.0,45.3,Loel Gnadt,Other,3822.0,1.5,Ellis Boal,Other,2630.0,1.1,,,,,,,,,,,,,,,,,,,,,,,,,,,,,,,,
215,michigan,House District 2,Bill Huizenga*,RepublicanRep.,135949.0,63.6,Dean Vanderstelt,DemocratDem.,71022.0,33.2,Ronald Welch,Other,3886.0,1.8,Ronald Graeser,Other,2781.0,1.3,,,,,,,,,,,,,,,,,,,,,,,,,,,,,,,,
216,michigan,House District 3,Justin Amash*,RepublicanRep.,125747.0,57.9,Bob Goodrich,DemocratDem.,84713.0,39.0,Tonya Duncan,Other,6689.0,3.1,,,,,,,,,,,,,,,,,,,,,,,,,,,,,,,,,,,,
217,michigan,House District 4,John Moolenaar,RepublicanRep.,124300.0,56.5,Jeff Holmes,DemocratDem.,86133.0,39.1,George Zimmer,Other,5008.0,2.3,Will White,Other,4713.0,2.1,,,,,,,,,,,,,,,,,,,,,,,,,,,,,,,,
218,michigan,House District 5,Dan Kildee*,DemocratDem.,140939.0,66.8,Allen Hardwick,RepublicanRep.,65404.0,31.0,Hal Jones,Other,4545.0,2.2,,,,,,,,,,,,,,,,,,,,,,,,,,,,,,,,,,,,
219,michigan,House District 6,Fred Upton*,RepublicanRep.,116601.0,55.8,Paul Clements,DemocratDem.,84391.0,40.4,Erwin Haas,Other,5530.0,2.6,John Lawrence,Other,2254.0,1.1,,,,,,,,,,,,,,,,,,,,,,,,,,,,,,,,
220,michigan,House District 7,Tim Walberg*,RepublicanRep.,118715.0,53.5,Pam Byrnes,DemocratDem.,91403.0,41.2,Ken Proctor,Other,4505.0,2.0,David Swartout,Other,4325.0,1.9,Rick Strawcutter,Other,3113.0,1.4,,,,,,,,,,,,,,,,,,,,,,,,,,,,
221,michigan,House District 8,Mike Bishop,RepublicanRep.,132445.0,54.8,Eric Schertzing,DemocratDem.,101191.0,41.9,James Weeks,Other,4543.0,1.9,Jim Casha,Other,1867.0,0.8,Jeremy Burgess,Other,1673.0,0.7,,,,,,,,,,,,,,,,,,,,,,,,,,,,
222,michigan,House District 9,Sander M. Levin*,DemocratDem.,136334.0,60.4,George Brikho,RepublicanRep.,81467.0,36.1,Greg Creswell,Other,4791.0,2.1,John McDermott,Other,3153.0,1.4,,,,,,,,,,,,,,,,,,,,,,,,,,,,,,,,
223,michigan,House District 10,Candice S. Miller*,RepublicanRep.,156678.0,68.7,Chuck Stadler,DemocratDem.,67061.0,29.4,Harley Mikkelson,Other,4402.0,1.9,,,,,,,,,,,,,,,,,,,,,,,,,,,,,,,,,,,,
224,michigan,House District 11,Dave Trott,RepublicanRep.,138229.0,56.1,Bobby McKenzie,DemocratDem.,100665.0,40.8,John Tatar,Other,7668.0,3.1,,,,,,,,,,,,,,,,,,,,,,,,,,,,,,,,,,,,
225,michigan,House District 12,Debbie Dingell,DemocratDem.,133323.0,65.0,Terry Bowman,RepublicanRep.,64112.0,31.3,Gary Walkowicz,Other,5004.0,2.4,Bhagwan Dashairya,Other,2542.0,1.2,,,,,,,,,,,,,,,,,,,,,,,,,,,,,,,,
226,michigan,House District 13,John Conyers Jr.*,DemocratDem.,130905.0,79.7,Jeff Gorman,RepublicanRep.,26406.0,16.1,Chris Sharer,Other,3469.0,2.1,Sam Johnson,Other,3411.0,2.1,,,,,,,,,,,,,,,,,,,,,,,,,,,,,,,,
227,michigan,House District 14,Brenda Lawrence,DemocratDem.,165116.0,77.7,Christina Barr,RepublicanRep.,41801.0,19.7,Leonard Schwartz,Other,3665.0,1.7,Stephen Boyle,Other,2000.0,0.9,,,,,,,,,,,,,,,,,,,,,,,,,,,,,,,,
228,minnesota,Senate,Al Franken*,DemocratDem.,1052794.0,53.2,Mike McFadden,RepublicanRep.,849932.0,42.9,Steve Carlson,Other,47604.0,2.4,Heather Johnson,Other,29686.0,1.5,,,,,,,,,,,,,,,,,,,,,,,,,,,,,,,,
229,minnesota,House District 1,Tim Walz*,DemocratDem.,122637.0,54.3,Jim Hagedorn,RepublicanRep.,103346.0,45.7,,,,,,,,,,,,,,,,,,,,,,,,,,,,,,,,,,,,,,,,
230,minnesota,House District 2,John Kline*,RepublicanRep.,137780.0,56.1,Mike Obermueller,DemocratDem.,95565.0,38.9,Paula Overby,Other,12319.0,5.0,,,,,,,,,,,,,,,,,,,,,,,,,,,,,,,,,,,,
231,minnesota,House District 3,Erik Paulsen*,RepublicanRep.,167517.0,62.2,Sharon Sund,DemocratDem.,101847.0,37.8,,,,,,,,,,,,,,,,,,,,,,,,,,,,,,,,,,,,,,,,
232,minnesota,House District 4,Betty McCollum*,DemocratDem.,147842.0,61.2,Sharna Wahlgren,RepublicanRep.,79482.0,32.9,Dave Thomas,Other,14057.0,5.8,,,,,,,,,,,,,,,,,,,,,,,,,,,,,,,,,,,,
233,minnesota,House District 5,Keith Ellison*,DemocratDem.,167079.0,70.9,Doug Daggett,RepublicanRep.,56577.0,24.0,Lee Bauer,Other,12001.0,5.1,,,,,,,,,,,,,,,,,,,,,,,,,,,,,,,,,,,,
234,minnesota,House District 6,Tom Emmer,RepublicanRep.,133332.0,56.3,Joe Perske,DemocratDem.,90926.0,38.4,John Denney,Other,12459.0,5.3,,,,,,,,,,,,,,,,,,,,,,,,,,,,,,,,,,,,
235,minnesota,House District 7,Collin C. Peterson*,DemocratDem.,130536.0,54.3,Torrey Westrom,RepublicanRep.,109952.0,45.7,,,,,,,,,,,,,,,,,,,,,,,,,,,,,,,,,,,,,,,,
236,minnesota,House District 8,Rick Nolan*,DemocratDem.,128920.0,48.5,Stewart Mills,RepublicanRep.,125226.0,47.1,Ray Sandman,Other,11445.0,4.3,,,,,,,,,,,,,,,,,,,,,,,,,,,,,,,,,,,,
237,mississippi,Senate,Thad Cochran*,RepublicanRep.,370208.0,60.4,Travis Childers,DemocratDem.,228974.0,37.4,Shawn O'Hara,Other,13660.0,2.2,,,,,,,,,,,,,,,,,,,,,,,,,,,,,,,,,,,,
238,mississippi,House District 1,Alan Nunnelee*,RepublicanRep.,101451.0,68.0,Ron Dickey,DemocratDem.,43039.0,28.8,Danny Bedwell,Other,3781.0,2.5,Lajena Walley,Other,917.0,0.6,,,,,,,,,,,,,,,,,,,,,,,,,,,,,,,,
239,mississippi,House District 2,Bennie Thompson*,DemocratDem.,96631.0,67.5,Troy Ray,Other,35317.0,24.7,Shelley Shoemake,Other,11109.0,7.8,,,,,,,,,,,,,,,,,,,,,,,,,,,,,,,,,,,,
240,mississippi,House District 3,Gregg Harper*,RepublicanRep.,115396.0,69.0,Douglas Magee,DemocratDem.,46506.0,27.8,Roger Gerrard,Other,3817.0,2.3,Barbara Washer,Other,1502.0,0.9,,,,,,,,,,,,,,,,,,,,,,,,,,,,,,,,
241,mississippi,House District 4,Steven M. Palazzo*,RepublicanRep.,106277.0,70.0,Matt Moore,DemocratDem.,36858.0,24.3,Cindy Burleson,Other,3613.0,2.4,Joey Robinson,Other,3387.0,2.2,Eli Jackson,Other,896.0,0.6,Ed Reich,Other,836.0,0.6,,,,,,,,,,,,,,,,,,,,,,,,
242,missouri,House District 1,Lacy Clay*,DemocratDem.,118005.0,72.9,Daniel Elder,RepublicanRep.,34965.0,21.6,Robb Cunningham,Other,8836.0,5.5,,,,,,,,,,,,,,,,,,,,,,,,,,,,,,,,,,,,
243,missouri,House District 2,Ann Wagner*,RepublicanRep.,147025.0,64.1,Arthur Lieber,DemocratDem.,74807.0,32.6,Bill Slantz,Other,7507.0,3.3,,,,,,,,,,,,,,,,,,,,,,,,,,,,,,,,,,,,
244,missouri,House District 3,Blaine Luetkemeyer*,RepublicanRep.,130859.0,68.4,Courtney Denton,DemocratDem.,51990.0,27.2,Steven Hedrick,Other,8588.0,4.5,,,,,,,,,,,,,,,,,,,,,,,,,,,,,,,,,,,,
245,missouri,House District 4,Vicky Hartzler*,RepublicanRep.,119995.0,68.1,Nate Irvin,DemocratDem.,46438.0,26.4,Herschel Young,Other,9786.0,5.6,,,,,,,,,,,,,,,,,,,,,,,,,,,,,,,,,,,,
246,missouri,House District 5,Emanuel Cleaver II*,DemocratDem.,79094.0,51.6,Jacob Turk,RepublicanRep.,69012.0,45.0,Roy Welborn,Other,5305.0,3.5,,,,,,,,,,,,,,,,,,,,,,,,,,,,,,,,,,,,
247,missouri,House District 6,Sam Graves*,RepublicanRep.,124547.0,66.6,Bill Hedge,DemocratDem.,55132.0,29.5,Russ Monchil,Other,7193.0,3.8,,,,,,,,,,,,,,,,,,,,,,,,,,,,,,,,,,,,
248,missouri,House District 7,Billy Long*,RepublicanRep.,104027.0,63.5,Jim Evans,DemocratDem.,47267.0,28.8,Kevin Craig,Other,12583.0,7.7,,,,,,,,,,,,,,,,,,,,,,,,,,,,,,,,,,,,
249,missouri,House District 8,Jason Smith*,RepublicanRep.,106105.0,66.7,Barbara Stocker,DemocratDem.,38702.0,24.3,Terry Hampton,Other,6819.0,4.3,Doug Enyart,Other,3796.0,2.4,Rick Vandeven,Other,3757.0,2.4,,,,,,,,,,,,,,,,,,,,,,,,,,,,
250,montana,Senate,Steve Daines,RepublicanRep.,210863.0,57.9,Amanda Curtis,DemocratDem.,145601.0,40.0,Roger Roots,Other,7712.0,2.1,,,,,,,,,,,,,,,,,,,,,,,,,,,,,,,,,,,,
251,montana,House District 1,Ryan Zinke,RepublicanRep.,201004.0,55.5,John Lewis,DemocratDem.,146187.0,40.4,Mike Fellows,Other,15044.0,4.2,,,,,,,,,,,,,,,,,,,,,,,,,,,,,,,,,,,,
252,nebraska,Senate,Ben Sasse,RepublicanRep.,339868.0,64.8,Dave Domina,DemocratDem.,162874.0,31.1,Jim Jenkins,Other,15513.0,3.0,Todd Watson,Other,6114.0,1.2,,,,,,,,,,,,,,,,,,,,,,,,,,,,,,,,
253,nebraska,House District 1,Jeff Fortenberry*,RepublicanRep.,122259.0,69.0,Dennis Crawford,DemocratDem.,54995.0,31.0,,,,,,,,,,,,,,,,,,,,,,,,,,,,,,,,,,,,,,,,
254,nebraska,House District 2,Brad Ashford,DemocratDem.,76354.0,48.6,Lee Terry*,RepublicanRep.,72222.0,46.0,Steven Laird,Other,8391.0,5.3,,,,,,,,,,,,,,,,,,,,,,,,,,,,,,,,,,,,
255,nebraska,House District 3,Adrian Smith*,RepublicanRep.,139994.0,75.5,Mark Sullivan,DemocratDem.,45426.0,24.5,,,,,,,,,,,,,,,,,,,,,,,,,,,,,,,,,,,,,,,,
256,nevada,House District 1,Dina Titus*,DemocratDem.,45618.0,56.8,Annette Teijeiro,RepublicanRep.,30400.0,37.9,Richard Charles,Other,2612.0,3.3,Kamau Bakari,Other,1624.0,2.0,,,,,,,,,,,,,,,,,,,,,,,,,,,,,,,,
257,nevada,House District 2,Mark Amodei*,RepublicanRep.,122575.0,65.8,Kristen Spees,DemocratDem.,52033.0,27.9,Janine Hansen,Other,11798.0,6.3,,,,,,,,,,,,,,,,,,,,,,,,,,,,,,,,,,,,
258,nevada,House District 3,Joe Heck*,RepublicanRep.,88502.0,60.8,Erin Bilbray,DemocratDem.,52615.0,36.1,David Goossen,Other,1637.0,1.1,Randy Kimmick,Other,1563.0,1.1,Steven St. John,Other,1344.0,0.9,,,,,,,,,,,,,,,,,,,,,,,,,,,,
259,nevada,House District 4,Cresent Hardy,RepublicanRep.,63435.0,48.5,Steven Horsford*,DemocratDem.,59800.0,45.8,Steve Brown,Other,4117.0,3.1,Russell Best,Other,3350.0,2.6,,,,,,,,,,,,,,,,,,,,,,,,,,,,,,,,
260,new-hampshire,Senate,Jeanne Shaheen*,DemocratDem.,250722.0,51.6,Scott Brown,RepublicanRep.,234846.0,48.4,,,,,,,,,,,,,,,,,,,,,,,,,,,,,,,,,,,,,,,,
261,new-hampshire,House District 1,Frank Guinta,RepublicanRep.,125321.0,51.8,Carol Shea-Porter*,DemocratDem.,116626.0,48.2,,,,,,,,,,,,,,,,,,,,,,,,,,,,,,,,,,,,,,,,
262,new-hampshire,House District 2,Ann McLane Kuster*,DemocratDem.,130428.0,55.0,Marilinda Garcia,RepublicanRep.,106635.0,45.0,,,,,,,,,,,,,,,,,,,,,,,,,,,,,,,,,,,,,,,,
263,new-jersey,Senate,Cory Booker*,DemocratDem.,1016204.0,55.8,Jeff Bell,RepublicanRep.,772991.0,42.4,Joseph Baratelli,Other,16304.0,0.9,Hank Schroeder,Other,5519.0,0.3,Jeff Boss,Other,4405.0,0.2,Eugene LaVergne,Other,3790.0,0.2,Antonio Sabas,Other,3422.0,0.2,,,,,,,,,,,,,,,,,,,,
264,new-jersey,House District 1,Donald Norcross,DemocratDem.,91834.0,57.3,Garry Cobb,RepublicanRep.,63363.0,39.5,Scot Tomaszewski,Other,1761.0,1.1,Robert Shapiro,Other,1115.0,0.7,Margaret Chapman,Other,1086.0,0.7,Mike Berman,Other,623.0,0.4,Donald Letton,Other,445.0,0.3,,,,,,,,,,,,,,,,,,,,
265,new-jersey,House District 2,Frank A. LoBiondo*,RepublicanRep.,104958.0,61.7,William Hughes,DemocratDem.,62986.0,37.0,Alexander Spano,Other,637.0,0.4,Gary Stein,Other,575.0,0.3,Constantino Rozzo,Other,473.0,0.3,Bayode Olabisi,Other,447.0,0.3,,,,,,,,,,,,,,,,,,,,,,,,
266,new-jersey,House District 3,Tom MacArthur,RepublicanRep.,95922.0,54.5,Aimee Belgard,DemocratDem.,77240.0,43.8,Frederick LaVergne,Other,3000.0,1.7,,,,,,,,,,,,,,,,,,,,,,,,,,,,,,,,,,,,
267,new-jersey,House District 4,Christopher H. Smith*,RepublicanRep.,115748.0,68.0,Ruben Scolavino,DemocratDem.,52978.0,31.1,Scott Neuman,Other,1519.0,0.9,,,,,,,,,,,,,,,,,,,,,,,,,,,,,,,,,,,,
268,new-jersey,House District 5,Scott Garrett*,RepublicanRep.,100557.0,55.7,Roy Cho,DemocratDem.,77708.0,43.0,Mark Quick,Other,2353.0,1.3,,,,,,,,,,,,,,,,,,,,,,,,,,,,,,,,,,,,
269,new-jersey,House District 6,Frank Pallone Jr.*,DemocratDem.,70741.0,60.0,Anthony Wilkinson,RepublicanRep.,45853.0,38.9,Dorit Goikhman,Other,1322.0,1.1,,,,,,,,,,,,,,,,,,,,,,,,,,,,,,,,,,,,
270,new-jersey,House District 7,Leonard Lance*,RepublicanRep.,103687.0,59.3,Janice Kovach,DemocratDem.,67759.0,38.7,Jim Gawron,Other,3432.0,2.0,,,,,,,,,,,,,,,,,,,,,,,,,,,,,,,,,,,,
271,new-jersey,House District 8,Albio Sires*,DemocratDem.,60628.0,77.3,Jude Tiscornia,RepublicanRep.,14989.0,19.1,Herbert Shaw,Other,1181.0,1.5,Pablo Olivera,Other,999.0,1.3,Robert Thorne,Other,645.0,0.8,,,,,,,,,,,,,,,,,,,,,,,,,,,,
272,new-jersey,House District 9,Bill Pascrell Jr.*,DemocratDem.,78920.0,68.5,Dierdre Paul,RepublicanRep.,34560.0,30.0,Nestor Montilla,Other,1657.0,1.4,,,,,,,,,,,,,,,,,,,,,,,,,,,,,,,,,,,,
273,new-jersey,House District 10,Donald M. Payne Jr.*,DemocratDem.,94057.0,85.3,Yolanda Dentley,RepublicanRep.,14006.0,12.7,Gwendolyn Franklin,Other,1207.0,1.1,Dark Angel,Other,986.0,0.9,,,,,,,,,,,,,,,,,,,,,,,,,,,,,,,,
274,new-jersey,House District 11,Rodney Frelinghuysen*,RepublicanRep.,108808.0,62.6,Mark Dunec,DemocratDem.,64935.0,37.4,,,,,,,,,,,,,,,,,,,,,,,,,,,,,,,,,,,,,,,,
275,new-jersey,House District 12,Bonnie Watson Coleman,DemocratDem.,89699.0,60.9,Alieta Eck,RepublicanRep.,53875.0,36.6,Don Dezarn,Other,1321.0,0.9,Steven Welzer,Other,885.0,0.6,Kenneth Cody,Other,557.0,0.4,Jack Freudenheim,Other,523.0,0.4,Allen Cannon,Other,442.0,0.3,,,,,,,,,,,,,,,,,,,,
276,new-mexico,Senate,Tom Udall*,DemocratDem.,280074.0,55.4,Allen Weh,RepublicanRep.,225706.0,44.6,,,,,,,,,,,,,,,,,,,,,,,,,,,,,,,,,,,,,,,,
277,new-mexico,House District 1,Michelle Lujan Grisham*,DemocratDem.,102471.0,58.5,Michael Frese,RepublicanRep.,72566.0,41.5,,,,,,,,,,,,,,,,,,,,,,,,,,,,,,,,,,,,,,,,
278,new-mexico,House District 2,Steve Pearce*,RepublicanRep.,94607.0,64.5,Roxanne Lara,DemocratDem.,51976.0,35.5,,,,,,,,,,,,,,,,,,,,,,,,,,,,,,,,,,,,,,,,
279,new-mexico,House District 3,Ben Ray Luján*,DemocratDem.,110497.0,61.2,Jefferson Byrd,RepublicanRep.,70009.0,38.8,,,,,,,,,,,,,,,,,,,,,,,,,,,,,,,,,,,,,,,,
280,new-york,House District 1,Lee Zeldin,RepublicanRep.,89564.0,54.8,Timothy H. Bishop*,DemocratDem.,73860.0,45.2,,,,,,,,,,,,,,,,,,,,,,,,,,,,,,,,,,,,,,,,
281,new-york,House District 2,Peter King*,RepublicanRep.,91701.0,68.5,Patricia Maher,DemocratDem.,40009.0,29.9,William Stevenson,Other,2197.0,1.6,,,,,,,,,,,,,,,,,,,,,,,,,,,,,,,,,,,,
282,new-york,House District 3,Steve Israel*,DemocratDem.,85310.0,54.5,Grant Lally,RepublicanRep.,71212.0,45.5,,,,,,,,,,,,,,,,,,,,,,,,,,,,,,,,,,,,,,,,
283,new-york,House District 4,Kathleen Rice,DemocratDem.,85294.0,52.7,Bruce Blakeman,RepublicanRep.,76515.0,47.3,,,,,,,,,,,,,,,,,,,,,,,,,,,,,,,,,,,,,,,,
284,new-york,House District 5,Gregory W. Meeks*,DemocratDem.,72454.0,95.2,Allen Steinhardt,Other,3618.0,4.8,,,,,,,,,,,,,,,,,,,,,,,,,,,,,,,,,,,,,,,,
285,new-york,House District 6,Grace Meng* ,DemocratDem.,,,Uncontested,,,,,,,,,,,,,,,,,,,,,,,,,,,,,,,,,,,,,,,,,,,
286,new-york,House District 7,Nydia M. Velázquez*,DemocratDem.,53283.0,89.0,Jose Fernandez,RepublicanRep.,5299.0,8.9,Allan Romaguera,Other,1289.0,2.2,,,,,,,,,,,,,,,,,,,,,,,,,,,,,,,,,,,,
287,new-york,House District 8,Hakeem Jeffries*,DemocratDem.,71280.0,91.9,Alan Bellone,Other,6286.0,8.1,,,,,,,,,,,,,,,,,,,,,,,,,,,,,,,,,,,,,,,,
288,new-york,House District 9,Yvette D. Clarke*,DemocratDem.,78157.0,89.5,Daniel Cavanagh,Other,9149.0,10.5,,,,,,,,,,,,,,,,,,,,,,,,,,,,,,,,,,,,,,,,
289,new-york,House District 10,Jerrold Nadler*,DemocratDem.,82880.0,87.6,Ross Brady,Other,11284.0,11.9,Michael Dilger,Other,497.0,0.5,,,,,,,,,,,,,,,,,,,,,,,,,,,,,,,,,,,,
290,new-york,House District 11,Michael G. Grimm*,RepublicanRep.,56221.0,55.4,Domenic Recchia,DemocratDem.,42786.0,42.1,Henry Bardel,Other,2558.0,2.5,,,,,,,,,,,,,,,,,,,,,,,,,,,,,,,,,,,,
291,new-york,House District 12,Carolyn B. Maloney*,DemocratDem.,83870.0,79.9,Nicholas Di Iorio,RepublicanRep.,21160.0,20.1,,,,,,,,,,,,,,,,,,,,,,,,,,,,,,,,,,,,,,,,
292,new-york,House District 13,Charles B. Rangel*,DemocratDem.,64142.0,87.4,Daniel Vila Rivera,Other,9231.0,12.6,,,,,,,,,,,,,,,,,,,,,,,,,,,,,,,,,,,,,,,,
293,new-york,House District 14,Joe Crowley*,DemocratDem.,47370.0,88.2,Elizabeth Perri,Other,6318.0,11.8,,,,,,,,,,,,,,,,,,,,,,,,,,,,,,,,,,,,,,,,
294,new-york,House District 15,José E. Serrano*,DemocratDem.,51665.0,97.2,Eduardo Ramirez,Other,972.0,1.8,William Edstrom,Other,524.0,1.0,,,,,,,,,,,,,,,,,,,,,,,,,,,,,,,,,,,,
295,new-york,House District 16,Eliot L. Engel* ,DemocratDem.,,,Uncontested,,,,,,,,,,,,,,,,,,,,,,,,,,,,,,,,,,,,,,,,,,,
296,new-york,House District 17,Nita M. Lowey*,DemocratDem.,93001.0,56.2,Christopher Day,RepublicanRep.,72363.0,43.8,,,,,,,,,,,,,,,,,,,,,,,,,,,,,,,,,,,,,,,,
297,new-york,House District 18,Sean Patrick Maloney*,DemocratDem.,84415.0,49.6,Nan Hayworth,RepublicanRep.,81625.0,48.0,Scott Smith,Other,4131.0,2.4,,,,,,,,,,,,,,,,,,,,,,,,,,,,,,,,,,,,
298,new-york,House District 19,Christopher Gibson*,RepublicanRep.,124428.0,65.0,Sean Eldridge,DemocratDem.,67024.0,35.0,,,,,,,,,,,,,,,,,,,,,,,,,,,,,,,,,,,,,,,,
299,new-york,House District 20,Paul Tonko*,DemocratDem.,118993.0,61.2,James Fischer,RepublicanRep.,75491.0,38.8,,,,,,,,,,,,,,,,,,,,,,,,,,,,,,,,,,,,,,,,
300,new-york,House District 21,Elise Stefanik,RepublicanRep.,90164.0,55.2,Aaron Woolf,DemocratDem.,54796.0,33.5,Matthew Funiciello,Other,18415.0,11.3,,,,,,,,,,,,,,,,,,,,,,,,,,,,,,,,,,,,
301,new-york,House District 22,Richard Hanna* ,RepublicanRep.,,,Uncontested,,,,,,,,,,,,,,,,,,,,,,,,,,,,,,,,,,,,,,,,,,,
302,new-york,House District 23,Thomas Reed*,RepublicanRep.,105623.0,62.6,Martha Robertson,DemocratDem.,63229.0,37.4,,,,,,,,,,,,,,,,,,,,,,,,,,,,,,,,,,,,,,,,
303,new-york,House District 24,John Katko,RepublicanRep.,112979.0,59.9,Dan Maffei*,DemocratDem.,75690.0,40.1,,,,,,,,,,,,,,,,,,,,,,,,,,,,,,,,,,,,,,,,
304,new-york,House District 25,Louise M. Slaughter*,DemocratDem.,93053.0,50.2,Mark Assini,RepublicanRep.,92471.0,49.8,,,,,,,,,,,,,,,,,,,,,,,,,,,,,,,,,,,,,,,,
305,new-york,House District 26,Brian Higgins*,DemocratDem.,79344.0,68.9,Kathleen Weppner,RepublicanRep.,35894.0,31.1,,,,,,,,,,,,,,,,,,,,,,,,,,,,,,,,,,,,,,,,
306,new-york,House District 27,Chris Collins*,RepublicanRep.,125178.0,71.7,James O'Donnell,DemocratDem.,49423.0,28.3,,,,,,,,,,,,,,,,,,,,,,,,,,,,,,,,,,,,,,,,
307,north-carolina,Senate,Thom Tillis,RepublicanRep.,1413269.0,49.0,Kay Hagan*,DemocratDem.,1364758.0,47.3,Sean Haugh,Other,108183.0,3.7,,,,,,,,,,,,,,,,,,,,,,,,,,,,,,,,,,,,
308,north-carolina,House District 1,G.K. Butterfield*,DemocratDem.,150529.0,73.3,Arthur Rich,RepublicanRep.,54692.0,26.7,,,,,,,,,,,,,,,,,,,,,,,,,,,,,,,,,,,,,,,,
309,north-carolina,House District 2,Renee Ellmers*,RepublicanRep.,121336.0,58.9,Clay Aiken,DemocratDem.,84826.0,41.1,,,,,,,,,,,,,,,,,,,,,,,,,,,,,,,,,,,,,,,,
310,north-carolina,House District 3,Walter B. Jones*,RepublicanRep.,138307.0,67.8,Marshall Adame,DemocratDem.,65548.0,32.2,,,,,,,,,,,,,,,,,,,,,,,,,,,,,,,,,,,,,,,,
311,north-carolina,House District 4,David E. Price*,DemocratDem.,168005.0,74.7,Paul Wright,RepublicanRep.,56792.0,25.3,,,,,,,,,,,,,,,,,,,,,,,,,,,,,,,,,,,,,,,,
312,north-carolina,House District 5,Virginia Foxx*,RepublicanRep.,138905.0,61.0,Joshua Brannon,DemocratDem.,88670.0,39.0,,,,,,,,,,,,,,,,,,,,,,,,,,,,,,,,,,,,,,,,
313,north-carolina,House District 6,Mark Walker,RepublicanRep.,146329.0,58.7,Laura Fjeld,DemocratDem.,103085.0,41.3,,,,,,,,,,,,,,,,,,,,,,,,,,,,,,,,,,,,,,,,
314,north-carolina,House District 7,David Rouzer,RepublicanRep.,134026.0,59.4,Jonathan Barfield,DemocratDem.,83676.0,37.1,Wesley Casteen,Other,7813.0,3.5,,,,,,,,,,,,,,,,,,,,,,,,,,,,,,,,,,,,
315,north-carolina,House District 8,Richard Hudson*,RepublicanRep.,120444.0,64.9,Antonio Blue,DemocratDem.,65172.0,35.1,,,,,,,,,,,,,,,,,,,,,,,,,,,,,,,,,,,,,,,,
316,north-carolina,House District 9,Robert Pittenger* ,RepublicanRep.,,,Uncontested,,,,,,,,,,,,,,,,,,,,,,,,,,,,,,,,,,,,,,,,,,,
317,north-carolina,House District 10,Patrick T. McHenry*,RepublicanRep.,132936.0,61.0,Tate MacQueen,DemocratDem.,84921.0,39.0,,,,,,,,,,,,,,,,,,,,,,,,,,,,,,,,,,,,,,,,
318,north-carolina,House District 11,Mark Meadows*,RepublicanRep.,143833.0,62.9,Tom Hill,DemocratDem.,84723.0,37.1,,,,,,,,,,,,,,,,,,,,,,,,,,,,,,,,,,,,,,,,
319,north-carolina,House District 12,Alma Adams,DemocratDem.,129178.0,75.4,Vince Coakley,RepublicanRep.,42128.0,24.6,,,,,,,,,,,,,,,,,,,,,,,,,,,,,,,,,,,,,,,,
320,north-carolina,House District 13,George Holding*,RepublicanRep.,152430.0,57.3,Brenda Cleary,DemocratDem.,113481.0,42.7,,,,,,,,,,,,,,,,,,,,,,,,,,,,,,,,,,,,,,,,
321,north-dakota,House District 1,Kevin Cramer*,RepublicanRep.,137569.0,55.6,George Sinner,DemocratDem.,95355.0,38.5,Jack Seaman,Other,14476.0,5.9,,,,,,,,,,,,,,,,,,,,,,,,,,,,,,,,,,,,
322,ohio,House District 1,Steve Chabot*,RepublicanRep.,122721.0,63.5,Fred Kundrata,DemocratDem.,70644.0,36.5,,,,,,,,,,,,,,,,,,,,,,,,,,,,,,,,,,,,,,,,
323,ohio,House District 2,Brad Wenstrup*,RepublicanRep.,130479.0,66.1,Marek Tyszkiewicz,DemocratDem.,66933.0,33.9,,,,,,,,,,,,,,,,,,,,,,,,,,,,,,,,,,,,,,,,
324,ohio,House District 3,Joyce Beatty*,DemocratDem.,89048.0,63.9,John Adams,RepublicanRep.,50295.0,36.1,,,,,,,,,,,,,,,,,,,,,,,,,,,,,,,,,,,,,,,,
325,ohio,House District 4,Jim Jordan*,RepublicanRep.,124215.0,67.8,Janet Garrett,DemocratDem.,59112.0,32.2,,,,,,,,,,,,,,,,,,,,,,,,,,,,,,,,,,,,,,,,
326,ohio,House District 5,Bob Latta*,RepublicanRep.,132448.0,66.6,Robert Fry,DemocratDem.,57328.0,28.8,Eric Eberly,Other,9142.0,4.6,,,,,,,,,,,,,,,,,,,,,,,,,,,,,,,,,,,,
327,ohio,House District 6,Bill Johnson*,RepublicanRep.,109829.0,58.2,Jennifer Garrison,DemocratDem.,72779.0,38.6,Dennis Lambert,Other,5970.0,3.2,,,,,,,,,,,,,,,,,,,,,,,,,,,,,,,,,,,,
328,ohio,House District 7,Bob Gibbs* ,RepublicanRep.,,,Uncontested,,,,,,,,,,,,,,,,,,,,,,,,,,,,,,,,,,,,,,,,,,,
329,ohio,House District 8,John A. Boehner*,RepublicanRep.,124925.0,67.3,Tom Poetter,DemocratDem.,50622.0,27.3,Jim Condit,Other,10041.0,5.4,,,,,,,,,,,,,,,,,,,,,,,,,,,,,,,,,,,,
330,ohio,House District 9,Marcy Kaptur*,DemocratDem.,106338.0,67.7,Richard May,RepublicanRep.,50792.0,32.3,,,,,,,,,,,,,,,,,,,,,,,,,,,,,,,,,,,,,,,,
331,ohio,House District 10,Michael R. Turner*,RepublicanRep.,128758.0,65.4,Robert Klepinger,DemocratDem.,61720.0,31.3,David Harlow,Other,6436.0,3.3,,,,,,,,,,,,,,,,,,,,,,,,,,,,,,,,,,,,
332,ohio,House District 11,Marcia L. Fudge*,DemocratDem.,132396.0,79.2,Mark Zetzer,RepublicanRep.,34769.0,20.8,,,,,,,,,,,,,,,,,,,,,,,,,,,,,,,,,,,,,,,,
333,ohio,House District 12,Pat Tiberi*,RepublicanRep.,147871.0,68.2,David Tibbs,DemocratDem.,60026.0,27.7,Bob Hart,Other,8919.0,4.1,,,,,,,,,,,,,,,,,,,,,,,,,,,,,,,,,,,,
334,ohio,House District 13,Tim Ryan*,DemocratDem.,118650.0,68.5,Thomas Pekarek,RepublicanRep.,54610.0,31.5,,,,,,,,,,,,,,,,,,,,,,,,,,,,,,,,,,,,,,,,
335,ohio,House District 14,David Joyce*,RepublicanRep.,133520.0,63.3,Michael Wager,DemocratDem.,69510.0,33.0,David Macko,Other,7817.0,3.7,,,,,,,,,,,,,,,,,,,,,,,,,,,,,,,,,,,,
336,ohio,House District 15,Steve Stivers*,RepublicanRep.,126457.0,66.1,Scott Wharton,DemocratDem.,64714.0,33.9,,,,,,,,,,,,,,,,,,,,,,,,,,,,,,,,,,,,,,,,
337,ohio,House District 16,James B. Renacci*,RepublicanRep.,130463.0,63.8,Pete Crossland,DemocratDem.,74158.0,36.2,,,,,,,,,,,,,,,,,,,,,,,,,,,,,,,,,,,,,,,,
338,oklahoma,Senate,Jim Inhofe*,RepublicanRep.,557537.0,68.0,Matt Silverstein,DemocratDem.,233932.0,28.5,Joan Farr,Other,10534.0,1.3,Ray Woods,Other,9890.0,1.2,Aaron DeLozier,Other,7786.0,0.9,,,,,,,,,,,,,,,,,,,,,,,,,,,,
339,oklahoma,Senate Special,James Lankford,RepublicanRep.,556382.0,67.9,Connie Johnson,DemocratDem.,237531.0,29.0,Mark Beard,Other,25919.0,3.2,,,,,,,,,,,,,,,,,,,,,,,,,,,,,,,,,,,,
340,oklahoma,House District 1,Jim Bridenstine* ,RepublicanRep.,,,Uncontested,,,,,,,,,,,,,,,,,,,,,,,,,,,,,,,,,,,,,,,,,,,
341,oklahoma,House District 2,Markwayne Mullin*,RepublicanRep.,110819.0,70.0,Earl Everett,DemocratDem.,38924.0,24.6,Jon Douthitt,Other,8502.0,5.4,,,,,,,,,,,,,,,,,,,,,,,,,,,,,,,,,,,,
342,oklahoma,House District 3,Frank D. Lucas*,RepublicanRep.,133070.0,78.7,Frankie Robbins,DemocratDem.,36112.0,21.3,,,,,,,,,,,,,,,,,,,,,,,,,,,,,,,,,,,,,,,,
343,oklahoma,House District 4,Tom Cole*,RepublicanRep.,117649.0,70.8,Bert Smith,DemocratDem.,40956.0,24.7,Dennis B. Johnson,Other,7541.0,4.5,,,,,,,,,,,,,,,,,,,,,,,,,,,,,,,,,,,,
344,oklahoma,House District 5,Steve Russell,RepublicanRep.,95557.0,60.1,Al McAffrey,DemocratDem.,57721.0,36.3,Robert Murphy,Other,2175.0,1.4,Tom Boggs,Other,2063.0,1.3,Buddy Ray,Other,1469.0,0.9,,,,,,,,,,,,,,,,,,,,,,,,,,,,
345,oregon,Senate,Jeff Merkley*,DemocratDem.,744516.0,55.8,Monica C. Wehby,RepublicanRep.,498191.0,37.3,Mike Montchalin,Other,40649.0,3.0,Christina Lugo,Other,28897.0,2.2,James Leuenberger,Other,22205.0,1.7,,,,,,,,,,,,,,,,,,,,,,,,,,,,
346,oregon,House District 1,Suzanne Bonamici*,DemocratDem.,135244.0,57.6,Jason Yates,RepublicanRep.,81336.0,34.6,James Foster,Other,9181.0,3.9,Steven Reynolds,Other,9004.0,3.8,,,,,,,,,,,,,,,,,,,,,,,,,,,,,,,,
347,oregon,House District 2,Greg Walden*,RepublicanRep.,197920.0,70.8,Aelea Christofferson,DemocratDem.,71387.0,25.6,Sharon Durbin,Other,10071.0,3.6,,,,,,,,,,,,,,,,,,,,,,,,,,,,,,,,,,,,
348,oregon,House District 3,Earl Blumenauer*,DemocratDem.,192844.0,73.0,James Buchal,RepublicanRep.,51541.0,19.5,Michael Meo,Other,10585.0,4.0,Jeffrey Langan,Other,5619.0,2.1,David Walker,Other,3574.0,1.4,,,,,,,,,,,,,,,,,,,,,,,,,,,,
349,oregon,House District 4,Peter A. DeFazio*,DemocratDem.,172550.0,58.4,Art Robinson,RepublicanRep.,111932.0,37.9,Michael Beilstein,Other,6403.0,2.2,David Chester,Other,4396.0,1.5,,,,,,,,,,,,,,,,,,,,,,,,,,,,,,,,
350,oregon,House District 5,Kurt Schrader*,DemocratDem.,137657.0,53.9,Tootie Smith,RepublicanRep.,100762.0,39.4,Marvin Sannes,Other,6984.0,2.7,Raymond Baldwin,Other,5566.0,2.2,Daniel Souza,Other,4574.0,1.8,,,,,,,,,,,,,,,,,,,,,,,,,,,,
351,pennsylvania,House District 1,Robert A. Brady*,DemocratDem.,128669.0,82.9,Megan Rath,RepublicanRep.,26584.0,17.1,,,,,,,,,,,,,,,,,,,,,,,,,,,,,,,,,,,,,,,,
352,pennsylvania,House District 2,Chaka Fattah*,DemocratDem.,177648.0,87.7,Armond James,RepublicanRep.,24987.0,12.3,,,,,,,,,,,,,,,,,,,,,,,,,,,,,,,,,,,,,,,,
353,pennsylvania,House District 3,Mike Kelly*,RepublicanRep.,112406.0,60.5,Dan LaVallee,DemocratDem.,73240.0,39.5,,,,,,,,,,,,,,,,,,,,,,,,,,,,,,,,,,,,,,,,
354,pennsylvania,House District 4,Scott Perry*,RepublicanRep.,146317.0,74.5,Linda Thompson,DemocratDem.,49983.0,25.5,,,,,,,,,,,,,,,,,,,,,,,,,,,,,,,,,,,,,,,,
355,pennsylvania,House District 5,Glenn Thompson*,RepublicanRep.,113485.0,63.6,Kerith Taylor,DemocratDem.,65041.0,36.4,,,,,,,,,,,,,,,,,,,,,,,,,,,,,,,,,,,,,,,,
356,pennsylvania,House District 6,Ryan Costello,RepublicanRep.,118450.0,56.2,Manan Trivedi,DemocratDem.,92193.0,43.8,,,,,,,,,,,,,,,,,,,,,,,,,,,,,,,,,,,,,,,,
357,pennsylvania,House District 7,Patrick Meehan*,RepublicanRep.,143265.0,62.0,Mary Ellen Balchunis,DemocratDem.,87783.0,38.0,,,,,,,,,,,,,,,,,,,,,,,,,,,,,,,,,,,,,,,,
358,pennsylvania,House District 8,Michael G. Fitzpatrick*,RepublicanRep.,137676.0,61.9,Kevin Strouse,DemocratDem.,84705.0,38.1,,,,,,,,,,,,,,,,,,,,,,,,,,,,,,,,,,,,,,,,
359,pennsylvania,House District 9,Bill Shuster*,RepublicanRep.,108587.0,63.6,Alanna Hartzok,DemocratDem.,62193.0,36.4,,,,,,,,,,,,,,,,,,,,,,,,,,,,,,,,,,,,,,,,
360,pennsylvania,House District 10,Tom Marino*,RepublicanRep.,111547.0,62.5,Scott Brion,DemocratDem.,44221.0,24.8,Nick Troiano,Other,22611.0,12.7,,,,,,,,,,,,,,,,,,,,,,,,,,,,,,,,,,,,
361,pennsylvania,House District 11,Lou Barletta*,RepublicanRep.,121618.0,66.3,Andy Ostrowski,DemocratDem.,61832.0,33.7,,,,,,,,,,,,,,,,,,,,,,,,,,,,,,,,,,,,,,,,
362,pennsylvania,House District 12,Keith Rothfus*,RepublicanRep.,126567.0,59.3,Erin McClelland,DemocratDem.,86977.0,40.7,,,,,,,,,,,,,,,,,,,,,,,,,,,,,,,,,,,,,,,,
363,pennsylvania,House District 13,Brendan Boyle,DemocratDem.,122651.0,67.1,Dee Adcock,RepublicanRep.,60163.0,32.9,,,,,,,,,,,,,,,,,,,,,,,,,,,,,,,,,,,,,,,,
364,pennsylvania,House District 14,Mike Doyle* ,DemocratDem.,,,Uncontested,,,,,,,,,,,,,,,,,,,,,,,,,,,,,,,,,,,,,,,,,,,
365,pennsylvania,House District 15,Charlie Dent* ,RepublicanRep.,,,Uncontested,,,,,,,,,,,,,,,,,,,,,,,,,,,,,,,,,,,,,,,,,,,
366,pennsylvania,House District 16,Joe Pitts*,RepublicanRep.,101083.0,57.8,Tom Houghton,DemocratDem.,73921.0,42.2,,,,,,,,,,,,,,,,,,,,,,,,,,,,,,,,,,,,,,,,
367,pennsylvania,House District 17,Matt Cartwright*,DemocratDem.,93177.0,56.8,David Moylan,RepublicanRep.,70919.0,43.2,,,,,,,,,,,,,,,,,,,,,,,,,,,,,,,,,,,,,,,,
368,pennsylvania,House District 18,Tim Murphy* ,RepublicanRep.,,,Uncontested,,,,,,,,,,,,,,,,,,,,,,,,,,,,,,,,,,,,,,,,,,,
369,rhode-island,Senate,Jack Reed*,DemocratDem.,222776.0,70.7,Mark Zaccaria,RepublicanRep.,92389.0,29.3,,,,,,,,,,,,,,,,,,,,,,,,,,,,,,,,,,,,,,,,
370,rhode-island,House District 1,David Cicilline*,DemocratDem.,86660.0,59.6,Cormick Lynch,RepublicanRep.,58695.0,40.4,,,,,,,,,,,,,,,,,,,,,,,,,,,,,,,,,,,,,,,,
371,rhode-island,House District 2,Jim Langevin*,DemocratDem.,105318.0,62.3,Rhue Reis,RepublicanRep.,63677.0,37.7,,,,,,,,,,,,,,,,,,,,,,,,,,,,,,,,,,,,,,,,
372,south-carolina,Senate,Lindsey Graham*,RepublicanRep.,665605.0,54.5,Brad Hutto,DemocratDem.,475532.0,38.9,Thomas Ravenel,Other,47205.0,3.9,Victor Kocher,Other,33481.0,2.7,,,,,,,,,,,,,,,,,,,,,,,,,,,,,,,,
373,south-carolina,Senate Special,Tim Scott*,RepublicanRep.,749266.0,61.2,Joyce Dickerson,DemocratDem.,454279.0,37.1,Jill Bossi,Other,21450.0,1.8,,,,,,,,,,,,,,,,,,,,,,,,,,,,,,,,,,,,
374,south-carolina,House District 1,Mark Sanford* ,RepublicanRep.,,,Uncontested,,,,,,,,,,,,,,,,,,,,,,,,,,,,,,,,,,,,,,,,,,,
375,south-carolina,House District 2,Joe Wilson*,RepublicanRep.,121379.0,62.6,Phil Black,DemocratDem.,68438.0,35.3,Harold Geddings,Other,4151.0,2.1,,,,,,,,,,,,,,,,,,,,,,,,,,,,,,,,,,,,
376,south-carolina,House District 3,Jeff Duncan*,RepublicanRep.,116021.0,71.4,Barbara Jo Mullis,DemocratDem.,46556.0,28.6,,,,,,,,,,,,,,,,,,,,,,,,,,,,,,,,,,,,,,,,
377,south-carolina,House District 4,Trey Gowdy*,RepublicanRep.,125930.0,85.2,Curtis McLaughlin,Other,21849.0,14.8,,,,,,,,,,,,,,,,,,,,,,,,,,,,,,,,,,,,,,,,
378,south-carolina,House District 5,Mick Mulvaney*,RepublicanRep.,102017.0,58.9,Tom Adams,DemocratDem.,71119.0,41.1,,,,,,,,,,,,,,,,,,,,,,,,,,,,,,,,,,,,,,,,
379,south-carolina,House District 6,James E. Clyburn*,DemocratDem.,125172.0,72.8,Anthony Culler,RepublicanRep.,43658.0,25.4,Kevin Umbaugh,Other,3144.0,1.8,,,,,,,,,,,,,,,,,,,,,,,,,,,,,,,,,,,,
380,south-carolina,House District 7,Tom Rice*,RepublicanRep.,102576.0,60.0,Gloria Bromell-Tinubu,DemocratDem.,68412.0,40.0,,,,,,,,,,,,,,,,,,,,,,,,,,,,,,,,,,,,,,,,
381,south-dakota,Senate,Mike Rounds,RepublicanRep.,140721.0,50.4,Rick Weiland,DemocratDem.,82408.0,29.5,Larry Pressler,Other,47728.0,17.1,Gordon Howie,Other,8469.0,3.0,,,,,,,,,,,,,,,,,,,,,,,,,,,,,,,,
382,south-dakota,House District 1,Kristi Noem*,RepublicanRep.,183796.0,66.5,Corinna Robinson,DemocratDem.,92438.0,33.5,,,,,,,,,,,,,,,,,,,,,,,,,,,,,,,,,,,,,,,,
383,tennessee,Senate,Lamar Alexander*,RepublicanRep.,849748.0,61.9,Gordon Ball,DemocratDem.,437175.0,31.8,Joe Wilmoth,Other,36056.0,2.6,Martin Pleasant,Other,12530.0,0.9,Tom Emerson,Other,11146.0,0.8,Danny Page,Other,7711.0,0.6,Rick Tyler,Other,5751.0,0.4,Joshua James,Other,5671.0,0.4,Bartholomew Phillips,Other,2380.0,0.2,Edmund Gauthier,Other,2308.0,0.2,Eric Schechter,Other,1668.0,0.1,C. Salekin,Other,784.0,0.1
384,tennessee,House District 1,Phil Roe*,RepublicanRep.,115276.0,82.8,Robert Franklin,Other,9892.0,7.1,Robert Smith,Other,9849.0,7.1,Michael Salyer,Other,4143.0,3.0,,,,,,,,,,,,,,,,,,,,,,,,,,,,,,,,
385,tennessee,House District 2,John J. Duncan Jr.*,RepublicanRep.,120853.0,72.5,Bob Scott,DemocratDem.,37599.0,22.6,Casey Gouge,Other,4222.0,2.5,Norris Dryer,Other,4033.0,2.4,,,,,,,,,,,,,,,,,,,,,,,,,,,,,,,,
386,tennessee,House District 3,Chuck Fleischmann*,RepublicanRep.,97301.0,62.4,Mary Headrick,DemocratDem.,53943.0,34.6,Cassandra Mitchell,Other,4768.0,3.1,,,,,,,,,,,,,,,,,,,,,,,,,,,,,,,,,,,,
387,tennessee,House District 4,Scott DesJarlais*,RepublicanRep.,84781.0,58.3,Lenda Sherrell,DemocratDem.,51338.0,35.3,Robert Doggart,Other,9238.0,6.4,,,,,,,,,,,,,,,,,,,,,,,,,,,,,,,,,,,,
388,tennessee,House District 5,Jim Cooper*,DemocratDem.,95635.0,62.3,Bob Ries,RepublicanRep.,54939.0,35.8,Paul Deakin,Other,3032.0,2.0,,,,,,,,,,,,,,,,,,,,,,,,,,,,,,,,,,,,
389,tennessee,House District 6,Diane Black*,RepublicanRep.,115190.0,71.1,Amos Powers,DemocratDem.,37215.0,23.0,Mike Winton,Other,9630.0,5.9,,,,,,,,,,,,,,,,,,,,,,,,,,,,,,,,,,,,
390,tennessee,House District 7,Marsha Blackburn*,RepublicanRep.,110498.0,70.0,Daniel Cramer,DemocratDem.,42260.0,26.8,Leonard Ladner,Other,5092.0,3.2,,,,,,,,,,,,,,,,,,,,,,,,,,,,,,,,,,,,
391,tennessee,House District 8,Stephen Fincher*,RepublicanRep.,122205.0,70.8,Wes Bradley,DemocratDem.,42403.0,24.6,Mark Rawles,Other,4450.0,2.6,James Hart,Other,3446.0,2.0,,,,,,,,,,,,,,,,,,,,,,,,,,,,,,,,
392,tennessee,House District 9,Steve Cohen*,DemocratDem.,87308.0,75.0,Charlotte Bergmann,RepublicanRep.,27163.0,23.3,Floyd Alberson,Other,766.0,0.7,Paul Cook,Other,751.0,0.6,Herbert Bass,Other,483.0,0.4,,,,,,,,,,,,,,,,,,,,,,,,,,,,
393,texas,Senate,John Cornyn*,RepublicanRep.,2855068.0,61.6,David Alameel,DemocratDem.,1594252.0,34.4,Rebecca Paddock,Other,133467.0,2.9,Emily Sanchez,Other,54587.0,1.2,,,,,,,,,,,,,,,,,,,,,,,,,,,,,,,,
394,texas,House District 1,Louie Gohmert*,RepublicanRep.,114925.0,77.5,Shirley McKellar,DemocratDem.,33409.0,22.5,,,,,,,,,,,,,,,,,,,,,,,,,,,,,,,,,,,,,,,,
395,texas,House District 2,Ted Poe*,RepublicanRep.,101795.0,68.0,Niko Letsos,DemocratDem.,44349.0,29.6,James Veasaw,Other,2315.0,1.5,Mark Roberts,Other,1307.0,0.9,,,,,,,,,,,,,,,,,,,,,,,,,,,,,,,,
396,texas,House District 3,Sam Johnson*,RepublicanRep.,112726.0,82.0,Paul Blair,Other,24759.0,18.0,,,,,,,,,,,,,,,,,,,,,,,,,,,,,,,,,,,,,,,,
397,texas,House District 4,John Ratcliffe ,RepublicanRep.,,,Uncontested,,,,,,,,,,,,,,,,,,,,,,,,,,,,,,,,,,,,,,,,,,,
398,texas,House District 5,Jeb Hensarling*,RepublicanRep.,89638.0,85.5,Ken Ashby,Other,15252.0,14.5,,,,,,,,,,,,,,,,,,,,,,,,,,,,,,,,,,,,,,,,
399,texas,House District 6,Joe L. Barton*,RepublicanRep.,92285.0,61.2,David Cozad,DemocratDem.,54986.0,36.4,Hugh Chauvin,Other,3634.0,2.4,,,,,,,,,,,,,,,,,,,,,,,,,,,,,,,,,,,,
400,texas,House District 7,John Culberson*,RepublicanRep.,90422.0,63.3,James Cargas,DemocratDem.,49341.0,34.5,Gerald Fowler,Other,3133.0,2.2,,,,,,,,,,,,,,,,,,,,,,,,,,,,,,,,,,,,
401,texas,House District 8,Kevin Brady*,RepublicanRep.,124897.0,89.3,Ken Petty,Other,14930.0,10.7,,,,,,,,,,,,,,,,,,,,,,,,,,,,,,,,,,,,,,,,
402,texas,House District 9,Al Green*,DemocratDem.,77979.0,90.8,Johnny Johnson,Other,7886.0,9.2,,,,,,,,,,,,,,,,,,,,,,,,,,,,,,,,,,,,,,,,
403,texas,House District 10,Michael McCaul*,RepublicanRep.,109311.0,62.2,Tawana Walter-Cadien,DemocratDem.,60020.0,34.1,Bill Kelsey,Other,6476.0,3.7,,,,,,,,,,,,,,,,,,,,,,,,,,,,,,,,,,,,
404,texas,House District 11,K. Michael Conaway*,RepublicanRep.,107752.0,90.3,Ryan Lange,Other,11607.0,9.7,,,,,,,,,,,,,,,,,,,,,,,,,,,,,,,,,,,,,,,,
405,texas,House District 12,Kay Granger*,RepublicanRep.,113105.0,71.3,Mark Greene,DemocratDem.,41720.0,26.3,Ed Colliver,Other,3785.0,2.4,,,,,,,,,,,,,,,,,,,,,,,,,,,,,,,,,,,,
406,texas,House District 13,Mac Thornberry*,RepublicanRep.,110636.0,84.3,Mike Minter,DemocratDem.,16803.0,12.8,Emily Pivoda,Other,2860.0,2.2,Don Cook,Other,926.0,0.7,,,,,,,,,,,,,,,,,,,,,,,,,,,,,,,,
407,texas,House District 14,Randy Weber*,RepublicanRep.,89876.0,61.8,Donald Brown,DemocratDem.,52420.0,36.1,John Wieder,Other,3025.0,2.1,,,,,,,,,,,,,,,,,,,,,,,,,,,,,,,,,,,,
408,texas,House District 15,Rubén Hinojosa*,DemocratDem.,48561.0,54.2,Eddie Zamora,RepublicanRep.,38551.0,43.1,Johnny Partain,Other,2437.0,2.7,,,,,,,,,,,,,,,,,,,,,,,,,,,,,,,,,,,,
409,texas,House District 16,Beto O'Rourke*,DemocratDem.,49257.0,67.5,Corey Roen,RepublicanRep.,21293.0,29.2,Jaime Perez,Other,2438.0,3.3,,,,,,,,,,,,,,,,,,,,,,,,,,,,,,,,,,,,
410,texas,House District 17,Bill Flores*,RepublicanRep.,85085.0,64.6,Nick Haynes,DemocratDem.,42696.0,32.4,Shawn Michael Hamilton,Other,3997.0,3.0,,,,,,,,,,,,,,,,,,,,,,,,,,,,,,,,,,,,
411,texas,House District 18,Sheila Jackson Lee*,DemocratDem.,75963.0,71.8,Sean Seibert,RepublicanRep.,26194.0,24.8,Vince Duncan,Other,2359.0,2.2,Remington Alessi,Other,1298.0,1.2,,,,,,,,,,,,,,,,,,,,,,,,,,,,,,,,
412,texas,House District 19,Randy Neugebauer*,RepublicanRep.,89701.0,77.2,Neal Marchbanks,DemocratDem.,21350.0,18.4,Chip Peterson,Other,5134.0,4.4,,,,,,,,,,,,,,,,,,,,,,,,,,,,,,,,,,,,
413,texas,House District 20,Joaquin Castro*,DemocratDem.,66538.0,75.7,Jeffrey Blunt,Other,21400.0,24.3,,,,,,,,,,,,,,,,,,,,,,,,,,,,,,,,,,,,,,,,
414,texas,House District 21,Lamar Smith*,RepublicanRep.,135513.0,71.8,Antonio Diaz,Other,27782.0,14.7,Ryan Shields,Other,25483.0,13.5,,,,,,,,,,,,,,,,,,,,,,,,,,,,,,,,,,,,
415,texas,House District 22,Pete Olson*,RepublicanRep.,100780.0,66.6,Frank Briscoe,DemocratDem.,47789.0,31.6,Rob Lapham,Other,2861.0,1.9,,,,,,,,,,,,,,,,,,,,,,,,,,,,,,,,,,,,
416,texas,House District 23,Will Hurd,RepublicanRep.,57901.0,49.8,Pete Gallego*,DemocratDem.,55436.0,47.7,Ruben Corvalan,Other,2960.0,2.5,,,,,,,,,,,,,,,,,,,,,,,,,,,,,,,,,,,,
417,texas,House District 24,Kenny Marchant*,RepublicanRep.,93446.0,65.1,Patrick McGehearty,DemocratDem.,46360.0,32.3,Mike Kolls,Other,3799.0,2.6,,,,,,,,,,,,,,,,,,,,,,,,,,,,,,,,,,,,
418,texas,House District 25,Roger Williams*,RepublicanRep.,106929.0,60.2,Marco Montoya,DemocratDem.,64341.0,36.2,John Betz,Other,6288.0,3.5,,,,,,,,,,,,,,,,,,,,,,,,,,,,,,,,,,,,
419,texas,House District 26,Michael C. Burgess*,RepublicanRep.,116758.0,82.7,Mark Boler,Other,24490.0,17.3,,,,,,,,,,,,,,,,,,,,,,,,,,,,,,,,,,,,,,,,
420,texas,House District 27,Blake Farenthold*,RepublicanRep.,83270.0,63.6,Wesley Reed,DemocratDem.,44112.0,33.7,Roxanne Simonson,Other,3552.0,2.7,,,,,,,,,,,,,,,,,,,,,,,,,,,,,,,,,,,,
421,texas,House District 28,Henry Cuellar*,DemocratDem.,62471.0,82.1,William Aikens,Other,10146.0,13.3,Michael Cary,Other,3474.0,4.6,,,,,,,,,,,,,,,,,,,,,,,,,,,,,,,,,,,,
422,texas,House District 29,Gene Green*,DemocratDem.,41229.0,89.5,James Stanczak,Other,4818.0,10.5,,,,,,,,,,,,,,,,,,,,,,,,,,,,,,,,,,,,,,,,
423,texas,House District 30,Eddie Bernice Johnson*,DemocratDem.,92971.0,87.9,Max Koch,Other,7149.0,6.8,Eric Williams,Other,5596.0,5.3,,,,,,,,,,,,,,,,,,,,,,,,,,,,,,,,,,,,
424,texas,House District 31,John Carter*,RepublicanRep.,91484.0,64.1,Louie Minor,DemocratDem.,45634.0,32.0,Scott Ballard,Other,5693.0,4.0,,,,,,,,,,,,,,,,,,,,,,,,,,,,,,,,,,,,
425,texas,House District 32,Pete Sessions*,RepublicanRep.,96420.0,61.8,Frank Perez,DemocratDem.,55281.0,35.4,Ed Rankin,Other,4271.0,2.7,,,,,,,,,,,,,,,,,,,,,,,,,,,,,,,,,,,,
426,texas,House District 33,Marc Veasey*,DemocratDem.,43728.0,86.5,Jason Reeves,Other,6822.0,13.5,,,,,,,,,,,,,,,,,,,,,,,,,,,,,,,,,,,,,,,,
427,texas,House District 34,Filemon Vela*,DemocratDem.,47457.0,59.6,Larry Smith,RepublicanRep.,30617.0,38.4,Ryan Rowley,Other,1562.0,2.0,,,,,,,,,,,,,,,,,,,,,,,,,,,,,,,,,,,,
428,texas,House District 35,Lloyd Doggett*,DemocratDem.,60027.0,62.5,Susan Narvaiz,RepublicanRep.,31985.0,33.3,Cory Bruner,Other,2760.0,2.9,kat swift,Other,1293.0,1.3,,,,,,,,,,,,,,,,,,,,,,,,,,,,,,,,
429,texas,House District 36,Brian Babin,RepublicanRep.,100933.0,76.0,Michael Cole,DemocratDem.,29291.0,22.0,Rodney Veach,Other,1940.0,1.5,Hal Ridley,Other,681.0,0.5,,,,,,,,,,,,,,,,,,,,,,,,,,,,,,,,
430,utah,House District 1,Rob Bishop*,RepublicanRep.,70240.0,64.2,Donna McAleer,DemocratDem.,31668.0,29.0,Craig Bowden,Other,3941.0,3.6,Dwayne Vance,Other,3538.0,3.2,,,,,,,,,,,,,,,,,,,,,,,,,,,,,,,,
431,utah,House District 2,Chris Stewart*,RepublicanRep.,76966.0,60.4,Luz Robles,DemocratDem.,42356.0,33.2,Shaun McCausland,Other,3821.0,3.0,Wayne Hill,Other,2913.0,2.3,Bill Barron,Other,1461.0,1.1,,,,,,,,,,,,,,,,,,,,,,,,,,,,
432,utah,House District 3,Jason Chaffetz*,RepublicanRep.,94571.0,72.3,Brian Wonnacott,DemocratDem.,29575.0,22.6,Zack Strong,Other,2930.0,2.2,Stephen Tryon,Other,2314.0,1.8,Ben Mates,Other,1327.0,1.0,,,,,,,,,,,,,,,,,,,,,,,,,,,,
433,utah,House District 4,Mia Love,RepublicanRep.,64390.0,50.0,Doug Owens,DemocratDem.,60165.0,46.8,Tim Aalders,Other,1764.0,1.4,Collin Simonsen,Other,1214.0,0.9,Jim Vein,Other,1154.0,0.9,,,,,,,,,,,,,,,,,,,,,,,,,,,,
434,vermont,House District 1,Peter Welch*,DemocratDem.,123896.0,64.4,Mark Donka,RepublicanRep.,59903.0,31.1,Cris Ericson,Other,2806.0,1.5,Matthew Andrews,Other,2080.0,1.1,Jerry Trudell,Other,2038.0,1.1,Randall Meyer,Other,1698.0,0.9,,,,,,,,,,,,,,,,,,,,,,,,
435,virginia,Senate,Mark Warner*,DemocratDem.,1071283.0,49.2,Ed Gillespie,RepublicanRep.,1054556.0,48.4,Robert Sarvis,Other,53396.0,2.5,,,,,,,,,,,,,,,,,,,,,,,,,,,,,,,,,,,,
436,virginia,House District 1,Rob Wittman*,RepublicanRep.,131596.0,63.0,Norm Mosher,DemocratDem.,72053.0,34.5,Gail Parker,Other,5094.0,2.4,,,,,,,,,,,,,,,,,,,,,,,,,,,,,,,,,,,,
437,virginia,House District 2,Scott Rigell*,RepublicanRep.,138149.0,57.9,Suzanne Patrick,DemocratDem.,100585.0,42.1,,,,,,,,,,,,,,,,,,,,,,,,,,,,,,,,,,,,,,,,
438,virginia,House District 3,Robert C. Scott* ,DemocratDem.,,,Uncontested,,,,,,,,,,,,,,,,,,,,,,,,,,,,,,,,,,,,,,,,,,,
439,virginia,House District 4,J. Randy Forbes*,RepublicanRep.,121134.0,60.3,Elliott Fausz,DemocratDem.,75214.0,37.5,Bo Brown,Other,4421.0,2.2,,,,,,,,,,,,,,,,,,,,,,,,,,,,,,,,,,,,
440,virginia,House District 5,Robert Hurt*,RepublicanRep.,124381.0,61.0,Lawrence Gaughan,DemocratDem.,72905.0,35.8,Paul Jones,Other,4268.0,2.1,Kenneth Hildebrandt,Other,2184.0,1.1,,,,,,,,,,,,,,,,,,,,,,,,,,,,,,,,
441,virginia,House District 6,Robert W. Goodlatte*,RepublicanRep.,133202.0,75.5,Will Hammer,Other,22008.0,12.5,Elaine Hildebrandt,Other,21159.0,12.0,,,,,,,,,,,,,,,,,,,,,,,,,,,,,,,,,,,,
442,virginia,House District 7,Dave Brat,RepublicanRep.,147897.0,60.9,Jack Trammell,DemocratDem.,89793.0,36.9,James Carr,Other,5347.0,2.2,,,,,,,,,,,,,,,,,,,,,,,,,,,,,,,,,,,,
443,virginia,House District 8,Donald Beyer,DemocratDem.,127981.0,63.0,Micah Edmond,RepublicanRep.,64477.0,31.7,Gwendolyn Beck,Other,5421.0,2.7,Jeffrey Carson,Other,4403.0,2.2,Gerry Blais,Other,962.0,0.5,,,,,,,,,,,,,,,,,,,,,,,,,,,,
444,virginia,House District 9,Morgan Griffith*,RepublicanRep.,117032.0,74.9,William Carr,Other,39309.0,25.1,,,,,,,,,,,,,,,,,,,,,,,,,,,,,,,,,,,,,,,,
445,virginia,House District 10,Barbara Comstock,RepublicanRep.,125864.0,56.6,John Foust,DemocratDem.,89896.0,40.4,William Redpath,Other,3393.0,1.5,Brad Eickholt,Other,2441.0,1.1,Dianne Blais,Other,944.0,0.4,,,,,,,,,,,,,,,,,,,,,,,,,,,,
446,virginia,House District 11,Gerald E. Connolly*,DemocratDem.,106726.0,56.9,Suzanne Scholte,RepublicanRep.,75760.0,40.4,Marc Harrold,Other,3263.0,1.7,Joe Galdo,Other,1737.0,0.9,,,,,,,,,,,,,,,,,,,,,,,,,,,,,,,,
447,washington,House District 1,Suzan DelBene*,DemocratDem.,117337.0,55.0,Pedro Celis,RepublicanRep.,96145.0,45.0,,,,,,,,,,,,,,,,,,,,,,,,,,,,,,,,,,,,,,,,
448,washington,House District 2,Rick Larsen*,DemocratDem.,118082.0,60.7,B.J. Guillot,RepublicanRep.,76323.0,39.3,,,,,,,,,,,,,,,,,,,,,,,,,,,,,,,,,,,,,,,,
449,washington,House District 3,Jaime Herrera Beutler*,RepublicanRep.,123002.0,61.5,Bob Dingethal,DemocratDem.,76839.0,38.5,,,,,,,,,,,,,,,,,,,,,,,,,,,,,,,,,,,,,,,,
450,washington,House District 4,Dan Newhouse,RepublicanRep.,76624.0,50.9,Clint Didier,RepublicanRep.,74010.0,49.1,,,,,,,,,,,,,,,,,,,,,,,,,,,,,,,,,,,,,,,,
451,washington,House District 5,Cathy McMorris Rodgers*,RepublicanRep.,120419.0,60.4,Joe Pakootas,DemocratDem.,79113.0,39.6,,,,,,,,,,,,,,,,,,,,,,,,,,,,,,,,,,,,,,,,
452,washington,House District 6,Derek Kilmer*,DemocratDem.,139790.0,63.0,Marty McClendon,RepublicanRep.,82134.0,37.0,,,,,,,,,,,,,,,,,,,,,,,,,,,,,,,,,,,,,,,,
453,washington,House District 7,Jim McDermott*,DemocratDem.,182519.0,80.8,Craig Keller,RepublicanRep.,43479.0,19.2,,,,,,,,,,,,,,,,,,,,,,,,,,,,,,,,,,,,,,,,
454,washington,House District 8,Dave Reichert*,RepublicanRep.,119420.0,63.4,Jason Ritchie,DemocratDem.,68841.0,36.6,,,,,,,,,,,,,,,,,,,,,,,,,,,,,,,,,,,,,,,,
455,washington,House District 9,Adam Smith*,DemocratDem.,107368.0,70.7,Doug Basler,RepublicanRep.,44564.0,29.3,,,,,,,,,,,,,,,,,,,,,,,,,,,,,,,,,,,,,,,,
456,washington,House District 10,Denny Heck*,DemocratDem.,95001.0,54.6,Joyce McDonald,RepublicanRep.,78955.0,45.4,,,,,,,,,,,,,,,,,,,,,,,,,,,,,,,,,,,,,,,,
457,west-virginia,Senate,Shelley Moore Capito,RepublicanRep.,280123.0,62.1,Natalie Tennant,DemocratDem.,155456.0,34.5,John Buckley,Other,7360.0,1.6,Bob Baber,Other,5448.0,1.2,Phil Hudok,Other,2544.0,0.6,,,,,,,,,,,,,,,,,,,,,,,,,,,,
458,west-virginia,House District 1,David B. McKinley*,RepublicanRep.,91941.0,64.0,Glen Gainer,DemocratDem.,51755.0,36.0,,,,,,,,,,,,,,,,,,,,,,,,,,,,,,,,,,,,,,,,
459,west-virginia,House District 2,Alex Mooney,RepublicanRep.,72237.0,47.1,Nick Casey,DemocratDem.,67325.0,43.9,Davy Jones,Other,7645.0,5.0,Ed Rabel,Other,6211.0,4.0,,,,,,,,,,,,,,,,,,,,,,,,,,,,,,,,
460,west-virginia,House District 3,Evan Jenkins,RepublicanRep.,77170.0,55.3,Nick J. Rahall II*,DemocratDem.,62309.0,44.7,,,,,,,,,,,,,,,,,,,,,,,,,,,,,,,,,,,,,,,,
461,wisconsin,House District 1,Paul D. Ryan*,RepublicanRep.,182118.0,63.3,Rob Zerban,DemocratDem.,105465.0,36.7,,,,,,,,,,,,,,,,,,,,,,,,,,,,,,,,,,,,,,,,
462,wisconsin,House District 2,Mark Pocan*,DemocratDem.,224548.0,68.5,Peter Theron,RepublicanRep.,103303.0,31.5,,,,,,,,,,,,,,,,,,,,,,,,,,,,,,,,,,,,,,,,
463,wisconsin,House District 3,Ron Kind*,DemocratDem.,155221.0,56.7,Tony Kurtz,RepublicanRep.,118669.0,43.3,,,,,,,,,,,,,,,,,,,,,,,,,,,,,,,,,,,,,,,,
464,wisconsin,House District 4,Gwen Moore*,DemocratDem.,178822.0,70.3,Dan Sebring,RepublicanRep.,68386.0,26.9,Robert Raymond,Other,6997.0,2.8,,,,,,,,,,,,,,,,,,,,,,,,,,,,,,,,,,,,
465,wisconsin,House District 5,Jim Sensenbrenner*,RepublicanRep.,230725.0,69.5,Chris Rockwood,DemocratDem.,101065.0,30.5,,,,,,,,,,,,,,,,,,,,,,,,,,,,,,,,,,,,,,,,
466,wisconsin,House District 6,Glenn Grothman,RepublicanRep.,169625.0,56.8,Mark Harris,DemocratDem.,122146.0,40.9,Gus Fahrendorf,Other,6850.0,2.3,,,,,,,,,,,,,,,,,,,,,,,,,,,,,,,,,,,,
467,wisconsin,House District 7,Sean P. Duffy*,RepublicanRep.,169451.0,59.2,Kelly Westlund,DemocratDem.,112895.0,39.5,Lawrence Dale,Other,3661.0,1.3,,,,,,,,,,,,,,,,,,,,,,,,,,,,,,,,,,,,
468,wisconsin,House District 8,Reid Ribble*,RepublicanRep.,188370.0,65.1,Ron Gruett,DemocratDem.,101045.0,34.9,,,,,,,,,,,,,,,,,,,,,,,,,,,,,,,,,,,,,,,,
469,wyoming,Senate,Mike Enzi*,RepublicanRep.,119534.0,72.3,Charlie Hardy,DemocratDem.,29043.0,17.6,Curt Gottshall,Other,13175.0,8.0,Joseph Porambo,Other,3602.0,2.2,,,,,,,,,,,,,,,,,,,,,,,,,,,,,,,,
470,wyoming,House District 1,Cynthia M. Lummis*,RepublicanRep.,111129.0,68.5,Richard Grayson,DemocratDem.,37365.0,23.0,Richard Brubaker,Other,7025.0,4.3,Daniel Cummings,Other,6635.0,4.1,,,,,,,,,,,,,,,,,,,,,,,,,,,,,,,,
